batter_id,batter_name,RAA,RAA_per_ball,balls_faced,total_weighted_runs,is_replacement
c4487b84,AB de Villiers,647.3051,0.1856,3487,419.2002,False
8ba8195d,V Sehwag,540.8503,0.2951,1833,402.8996,False
db584dad,CH Gayle,497.7657,0.1405,3543,258.5561,False
dcce6f09,DA Warner,475.4608,0.0978,4864,145.1172,False
271f83cd,SA Yadav,446.0119,0.1504,2965,361.5617,False
bbd41817,AD Russell,436.7335,0.2673,1634,450.3537,False
4329fbb5,SR Watson,332.6285,0.1148,2897,70.3837,False
9d430b40,SP Narine,297.8385,0.2576,1156,324.3912,False
b681e71e,GJ Maxwell,269.8855,0.1423,1896,215.2507,False
919a3be2,RR Pant,261.143,0.1036,2521,190.5109,False
2b6e6dec,AC Gilchrist,254.0774,0.1634,1555,99.2229,False
99b75528,JC Buttler,250.3537,0.0872,2872,284.5871,False
f29185a1,Abhishek Sharma,233.1416,0.1994,1169,287.7452,False
3c6ffae8,YK Pathan,207.042,0.0887,2334,24.9928,False
8b3e9c7c,PP Shaw,205.4677,0.1529,1344,204.8899,False
3241e3fd,N Pooran,197.4836,0.1367,1445,223.0314,False
35205dfc,DR Smith,187.2954,0.1039,1803,46.2544,False
6c19c6e5,YBK Jaiswal,179.2047,0.1225,1463,264.649,False
1c17e270,RV Uthappa,175.8194,0.0446,3946,-152.3097,False
1dc12ab9,SK Raina,174.6846,0.0417,4185,-226.2258,False
3d284ca3,PD Salt,172.6412,0.2732,632,258.0735,False
a757b0d8,KA Pollard,165.9935,0.0674,2461,29.2062,False
235c2bb6,H Klaasen,162.7606,0.1794,907,249.2581,False
752f7486,Ishan Kishan,158.185,0.0698,2266,116.5473,False
12b610c2,TM Head,156.1049,0.2211,706,211.4228,False
45eda7c8,CA Lynn,138.6058,0.142,976,83.0643,False
d8699ab7,ML Hayden,128.0807,0.1527,839,20.5966,False
c03f1114,KD Karthik,123.3563,0.0333,3704,-48.9159,False
b5797845,Priyansh Arya,120.3054,0.3795,317,154.7825,False
9418198b,P Simran Singh,114.7714,0.1265,907,209.3822,False
abb83e27,JM Bairstow,113.9505,0.0956,1192,72.1122,False
f233bbb4,ST Jayasuriya,111.803,0.1951,573,51.6638,False
77255a9e,RA Tripathi,109.2766,0.0638,1712,63.967,False
372455c4,Q de Kock,108.956,0.0428,2544,23.8962,False
50c6bc2b,LS Livingstone,101.1892,0.1417,714,136.6052,False
85b3fab2,T Stubbs,97.3406,0.2173,448,152.2776,False
fb66ce1f,CH Morris,97.071,0.2333,416,75.6726,False
a4cc73aa,SV Samson,95.8939,0.0275,3489,21.883,False
f1f99156,TH David,94.1089,0.1796,524,132.843,False
9b6e1b3f,J Fraser-McGurk,92.448,0.4381,211,120.3138,False
ded9240e,PJ Cummins,89.7282,0.2152,417,93.505,False
fffa744b,Naman Dhir,82.7365,0.3661,226,101.6993,False
b8a55852,BB McCullum,81.308,0.0358,2272,-99.2472,False
8b5b6769,Harbhajan Singh,79.8287,0.1255,636,35.0297,False
39f01cdb,KP Pietersen,78.2361,0.1032,758,11.145,False
26989d80,Shashank Singh,77.6968,0.1523,510,118.7241,False
508a1ea7,SE Marsh,76.1241,0.0398,1913,-54.5231,False
45a43fe2,RD Gaikwad,75.7067,0.0402,1884,33.5319,False
b2b4f545,A Mhatre,75.5786,0.5517,137,88.4966,False
800d2d97,JM Sharma,74.2174,0.1106,671,125.1874,False
5f547c8b,Rashid Khan,73.3992,0.1877,391,72.6709,False
fb2d1dda,N Rana,69.2641,0.0319,2168,38.0007,False
470f446b,V Suryavanshi,66.0834,0.5123,129,77.7357,False
00ea847a,MA Agarwal,63.8605,0.0296,2161,24.9787,False
91ffa6c6,JD Ryder,62.8848,0.1349,466,5.8954,False
c5aef772,R Shepherd,61.2336,0.6584,93,66.7646,False
ba5e1069,R Ravindra,56.1222,0.1883,298,54.7097,False
844e79d1,D Brevis,53.8699,0.1716,314,64.6339,False
c03e2850,M Vohra,52.6512,0.061,863,12.1591,False
11df3dc8,MJ Lumb,50.1505,0.2533,198,31.1306,False
90de905a,K Gowtham,49.6221,0.3121,159,40.4343,False
dbe50b21,HH Pandya,49.0983,0.0248,1976,47.3657,False
d9273ee7,MP Stoinis,48.3733,0.033,1466,43.9097,False
8e514b4c,Abdul Samad,47.0472,0.0915,514,76.3198,False
2be41edb,MJ Guptill,43.5988,0.2137,204,33.6988,False
c3d35165,JA Morkel,42.976,0.0604,712,-40.7574,False
2e11c706,BCJ Cutting,41.0343,0.2811,146,35.1021,False
9caf69a1,WG Jacks,40.4415,0.1288,314,66.1607,False
5574750c,JC Archer,40.1086,0.2145,187,34.4582,False
ad3b6e95,Abishek Porel,39.0195,0.0832,469,91.1013,False
e66732f8,RD Rickelton,35.9764,0.1352,266,51.4363,False
84d9c311,Ashutosh Sharma,34.6256,0.1332,260,67.4985,False
e087956b,BA Stokes,34.5295,0.0478,722,-24.4362,False
2498e163,JR Hopes,33.6224,0.1071,314,14.2641,False
944533a5,KK Nair,32.4595,0.0245,1324,-22.2053,False
c18496e1,Bipul Sharma,32.0396,0.2584,124,20.8132,False
557153ca,KK Cooper,31.7932,0.4542,70,24.0584,False
1c2a64cd,A Ashish Reddy,31.4405,0.1604,196,15.4685,False
4ec07775,RN ten Doeschate,31.335,0.1317,238,9.6152,False
b8d490fd,AJ Finch,30.8268,0.0182,1696,-86.9598,False
be24ead0,Ramandeep Singh,28.7741,0.2026,142,39.1388,False
ab89348d,MF Maharoof,28.5063,0.2299,124,16.5833,False
a3b0600d,Aniket Verma,28.4301,0.1921,148,46.041,False
ff077124,Kamran Akmal,28.0938,0.3602,78,21.3195,False
eaa76d3c,C Green,27.286,0.0578,472,67.5617,False
989889ff,JP Inglis,27.0225,0.1527,177,43.9472,False
5ffc0565,V Nigam,26.9048,0.3281,82,37.9248,False
c740ea83,RM Patidar,26.2294,0.0344,763,94.4717,False
fdedb37c,SM Katich,25.2901,0.1324,191,2.1948,False
d1c36f5c,JJ Roy,25.0071,0.0544,460,38.2156,False
e342e5fb,CR Brathwaite,24.4422,0.2037,120,19.9938,False
0dc00542,Shahid Afridi,23.9762,0.5212,46,20.1273,False
cca50cd6,LJ Wright,23.6557,0.3755,63,15.973,False
cad00a4d,RR Rossouw,22.3422,0.0696,321,44.0779,False
73c18486,KR Mayers,22.1582,0.0803,276,31.3342,False
0ebfb1ad,E Lewis,21.2825,0.0427,499,-9.6628,False
cf59b3f0,Urvil Patel,21.0993,0.6206,34,25.5722,False
48a1d7b7,SO Hetmyer,20.3096,0.0196,1038,44.9966,False
e798611a,HM Amla,20.0841,0.048,418,14.9501,False
27af6414,BJ Rohrer,19.8188,0.1357,146,4.4369,False
3fca55af,S Sohal,18.6037,0.0598,311,-14.4032,False
87e562a9,DJ Bravo,18.6027,0.0149,1248,-91.2515,False
5bb5a915,M Morkel,18.1962,0.1957,93,12.6754,False
d1a60072,N Wadhera,17.909,0.0343,522,40.4442,False
740742ef,RG Sharma,17.7512,0.0032,5509,-238.1857,False
2f9d0389,LH Ferguson,16.7058,0.3409,49,13.0646,False
1efb8a28,AC Blizzard,16.6312,0.1828,91,10.3003,False
6b2ff18f,SB Dubey,16.1836,0.186,87,26.3521,False
7eae4418,Misbah-ul-Haq,15.7679,0.1923,82,11.642,False
808f425a,JP Faulkner,15.7508,0.0388,406,-6.2228,False
bcf325d2,Dhruv Jurel,14.747,0.0322,458,44.1958,False
4b57e452,M Vijay,14.5414,0.0066,2208,-187.3039,False
650d5e49,R Powell,13.865,0.0531,261,26.0051,False
756389bd,S Vidyut,13.7777,0.1198,115,3.1572,False
16dfcc19,Umar Gul,13.3845,0.7044,19,12.3843,False
a386e91b,PD Collingwood,13.3436,0.0839,159,0.849,False
1fc6ef83,SD Hope,12.8354,0.0995,129,27.1109,False
88fccd6c,SM Pollock,12.7694,0.1101,116,2.3787,False
aa8d28ae,D Wiese,12.4318,0.1184,105,11.1035,False
0a509d6b,RK Singh,11.6058,0.0146,793,74.3057,False
23eeb873,DL Chahar,11.5608,0.1344,86,6.5577,False
ae091d39,SA Asnodkar,11.3361,0.0322,352,-19.4774,False
6afb26d6,MD Mishra,9.619,0.0452,213,-12.9847,False
f89d3b11,Sameer Rizvi,9.4747,0.0752,126,9.0671,False
3c55c703,JG Bethell,9.4097,0.2413,39,15.1782,False
dbc50253,AP Dole,9.3032,0.4045,23,6.5334,False
eef2536f,Avesh Khan,9.2214,0.2364,39,12.3613,False
af7dadf7,B Akhil,8.0112,0.1405,57,2.3636,False
0f12f9df,NLTC Perera,7.7434,0.0238,326,-22.2259,False
39a2dfa8,R Tewatia,7.4714,0.0087,862,1.3458,False
f4cb4f53,AP Majumdar,7.4178,0.0963,77,-6.9928,False
331ea488,UT Khawaja,7.2778,0.0693,105,-4.0439,False
af2c687b,C Munro,7.228,0.0502,144,-6.0701,False
2af1b6d2,AN Ahmed,7.0088,0.2596,27,4.4421,False
0a67aec0,Akash Deep,6.8808,0.4915,14,7.9967,False
11614d87,D Pretorius,6.8185,0.2435,28,6.7559,False
b274dbbd,ER Dwivedi,6.7008,0.4467,15,6.3586,False
7dcb9bc9,M Shahrukh Khan,6.5312,0.0126,520,39.6,False
172dff15,C Bosch,6.5009,0.2032,32,8.298,False
1be70c88,LPC Silva,6.376,0.2361,27,4.9726,False
81c08fa3,Umran Malik,6.3263,0.3515,18,8.374,False
ae78bc32,MS Gony,6.3126,0.0831,76,-1.7118,False
24d94623,Ankit Sharma,5.9762,0.0866,69,-2.8136,False
0264c10e,D Salunkhe,5.5415,0.2309,24,4.1298,False
864c199e,AC Voges,5.447,0.0381,143,-7.4537,False
b0c772ee,BJ Haddin,5.2947,0.4813,11,4.2387,False
12314277,Arshad Khan,4.823,0.0268,180,22.5139,False
65b6943c,L Wood,4.7078,1.5693,3,5.208,False
59559bc2,J Overton,4.6822,0.6689,7,5.1798,False
66cf56a5,A Mithun,4.6619,0.1793,26,2.3759,False
e86754b2,TK Curran,4.4518,0.0412,108,-4.0684,False
855a210c,AP Tare,4.274,0.015,285,-9.5835,False
2a72fd4f,Harmeet Singh,4.1818,0.3485,12,3.132,False
e94915e6,SM Curran,4.1235,0.0054,767,16.1392,False
107c26fb,KT Maphaka,4.0913,1.3638,3,4.2063,False
9a0146b3,P Sahu,3.9883,0.3068,13,3.4957,False
d872f52a,LA Carseldine,3.952,0.0557,71,-5.6377,False
287686fd,S Narwal,3.9366,0.1357,29,0.907,False
a9da7784,KJ Abbott,3.8875,0.4859,8,3.5809,False
3d8feaf8,MR Marsh,3.576,0.0038,942,35.8629,False
dd09ff8e,B Lee,3.3403,0.0327,102,-6.1918,False
d2d4bb0a,TR Birt,3.2308,0.0548,59,-3.1343,False
94d7f855,C de Grandhomme,3.1928,0.0139,229,-7.6286,False
5d1e7582,BKG Mendis,3.1733,0.2885,11,6.1846,False
27e71d47,K Upadhyay,3.1359,0.3484,9,1.7945,False
b0482a1d,Tilak Varma,3.0135,0.0028,1093,52.6482,False
18e6906e,A Choudhary,2.7883,0.1394,20,2.3784,False
272d796e,BR Dunk,2.6751,0.0743,36,-0.1469,False
6834d1f2,B Stanlake,2.6673,1.3337,2,2.4866,False
33a364a6,R Bhatia,2.4545,0.0085,290,-22.9195,False
fa463154,AB Agarkar,2.4257,0.0152,160,-13.9074,False
92aeac25,AD Hales,2.3751,0.02,119,-5.2846,False
30e37810,Sunny Singh,2.1849,0.0705,31,-0.3538,False
62af8546,Mohammad Nabi,2.0293,0.0127,160,-1.7425,False
710dd98c,MN van Wyk,1.8923,0.014,135,-26.0873,False
4125d931,J Suchith,1.7544,0.0283,62,-2.4477,False
4d5a1617,R Bishnoi,1.7359,0.1021,17,-0.9484,False
469ea22b,KMDN Kulasekara,1.646,0.5487,3,1.4283,False
51a3c5ef,MJ McClenaghan,1.5672,0.0215,73,-2.731,False
1ac746c8,Atharva Taide,1.4997,0.0078,192,26.0054,False
3ae3f034,AUK Pathan,1.4666,0.0564,26,-0.1244,False
6f49cc6e,Shivam Sharma,1.3522,0.4507,3,1.1802,False
529eb9e0,OC McCoy,1.2708,0.2542,5,1.7856,False
05c2ca46,RE van der Merwe,1.2601,0.0088,144,-18.0889,False
18c78b11,RE Levi,1.2586,0.017,74,-5.9893,False
943fd425,I Malhotra,1.2531,0.3133,4,0.9605,False
03a83c50,V Viyaskanth,1.1098,0.222,5,1.5236,False
44aac2f0,Arjun Tendulkar,1.0797,0.12,9,2.1178,False
4885bbe6,Yudhvir Singh,0.9807,0.0613,16,2.0697,False
a3ecf01f,RS Sodhi,0.9735,0.4867,2,0.9363,False
ac5ae4af,I Udana,0.7788,0.0708,11,0.0223,False
342d8ade,CRD Fernando,0.7532,0.2511,3,0.5125,False
3c28853f,Sediqullah Atal,0.6972,0.0436,16,1.4748,False
a24be938,VR Iyer,0.6729,0.0006,1107,46.1062,False
8abdf100,CJ Anderson,0.662,0.0015,436,-31.0255,False
b17e2f24,KL Rahul,0.6024,0.0002,3989,-52.7103,False
1abb78f8,SN Thakur,0.5468,0.0023,243,14.4464,False
034b4b7d,VRV Singh,0.4928,0.1643,3,0.3725,False
8ac93ca2,P Chopra,0.3449,0.0575,6,-0.1807,False
46a9bea1,TU Deshpande,0.3185,0.0133,24,0.5914,False
1e66c162,JD Unadkat,0.3153,0.0019,170,-1.3281,False
edb3d4f8,KC Cariappa,0.243,0.0116,21,-1.0746,False
35f173a0,MP Breetzke,0.1898,0.0158,12,0.1658,False
6dbcf855,VH Zol,0.0844,0.0032,26,-0.9926,False
e0351c86,DNT Zoysa,0.038,0.0042,9,-0.7893,False
249d60c9,AU Rashid,0.031,0.0014,22,3.1519,False
9f961c14,Joginder Sharma,0.0135,0.0005,30,-3.2484,False
bd77eb62,A Symonds,-0.0018,-0.0,781,-79.7084,False
765a4731,Mukesh Choudhary,-0.0026,-0.0004,6,0.1647,False
acd4f5dc,DP Vijaykumar,-0.0131,-0.0131,1,-0.1217,False
6042bf26,NJ Rimmington,-0.0535,-0.0535,1,-0.224,False
2d140b79,AA Kulkarni,-0.0629,-0.0079,8,0.0039,False
9601c534,SD Lad,-0.0738,-0.0057,13,-0.1749,False
c27b5a0e,PVSN Raju,-0.0802,-0.0802,1,-0.1217,False
64d43928,Sohail Tanvir,-0.0822,-0.0027,31,-2.7947,False
2e9fdf9b,DAJ Bracewell,-0.1396,-0.0155,9,-0.112,False
f21043a5,MDKJ Perera,-0.171,-0.0132,13,-0.726,False
b2b23612,RG More,-0.1717,-0.0858,2,-0.2434,False
f3cb53a1,MV Boucher,-0.181,-0.0006,318,-31.2349,False
f48cf4da,DT Patil,-0.1886,-0.0145,13,-1.9626,False
78eb4223,KAJ Roach,-0.1989,-0.0221,9,-1.1903,False
5f5d3ad4,SS Shaikh,-0.2104,-0.0301,7,-1.3839,False
38f2c66c,VS Yeligati,-0.2279,-0.1139,2,-0.2434,False
9d704f6f,SZ Mulani,-0.2371,-0.2371,1,-0.1217,False
99ed60f8,JPR Scantlebury-Searles,-0.3427,-0.0571,6,-0.4242,False
f752db61,JL Pattinson,-0.41,-0.0315,13,-1.5751,False
dc4686e6,BA Bhatt,-0.4836,-0.0691,7,-1.3699,False
1a2676c5,SA Abbott,-0.5493,-0.0305,18,-0.7192,False
4f629497,SE Bond,-0.576,-0.288,2,-0.7129,False
f0f628c7,MM Patel,-0.6077,-0.0148,41,-5.5508,False
8d92a2c3,MA Wood,-0.618,-0.0618,10,-0.4541,False
6ef60d3a,Kamran Khan,-0.6264,-0.1253,5,-1.0982,False
bae11797,Y Gnaneswara Rao,-0.6554,-0.0364,18,-3.0309,False
ee3dfa89,Sunny Gupta,-0.6812,-0.6812,1,-0.8525,False
cc777ffa,Abdul Basith,-0.6876,-0.6876,1,-0.4958,False
2049f3a0,SJ Srivastava,-0.6899,-0.138,5,-0.8455,False
29d72eb2,AA Chavan,-0.7215,-0.0656,11,-1.4641,False
402f8494,RJ Gleeson,-0.7593,-0.3797,2,-0.2434,False
ee7d0c82,GD McGrath,-0.7648,-0.153,5,-1.2709,False
5f4e9e8f,RR Raje,-0.8737,-0.0485,18,-2.8272,False
4d7f517e,AJ Hosein,-0.886,-0.0805,11,0.8903,False
d1c94b25,CK Langeveldt,-0.9162,-0.1018,9,-1.608,False
1da489ff,S Kaushik,-0.9192,-0.9192,1,-0.9917,False
bdadf7da,JL Denly,-0.9341,-0.9341,1,-0.97,False
622cc511,U Kaul,-0.9361,-0.9361,1,-1.0317,False
4b4d1957,PM Sarvesh Kumar,-0.9362,-0.4681,2,-1.1534,False
f24ca2ba,C Nanda,-0.9634,-0.9634,1,-1.204,False
d718440b,V Pratap Singh,-0.9787,-0.9787,1,-0.9917,False
c24a2c5d,S Tyagi,-0.9804,-0.2451,4,-1.3169,False
4353bba5,YA Abdulla,-1.0079,-1.0079,1,-1.0317,False
b552a935,AC Thomas,-1.0167,-0.0535,19,-3.4696,False
b410bd3d,S Lamichhane,-1.0312,-1.0312,1,-1.0317,False
e186f49c,Mashrafe Mortaza,-1.043,-0.5215,2,-1.3408,False
798cc28e,KM Asif,-1.073,-0.5365,2,-1.0326,False
611926bc,GR Napier,-1.0762,-0.0673,16,-5.9121,False
0404d43c,Liton Das,-1.1371,-0.2843,4,-0.3989,False
5f26df4f,VS Malik,-1.1702,-0.1672,7,-1.1983,False
cfa4bd2b,Y Prithvi Raj,-1.2481,-1.2481,1,-1.3437,False
44afbf2d,NJ Maddinson,-1.269,-0.0604,21,-3.3636,False
d4eef961,M de Lange,-1.3973,-0.6987,2,-1.5854,False
9a5f2863,Mohit Rathee,-1.4115,-0.7057,2,-0.9981,False
7023d182,AN Ghosh,-1.4219,-0.1777,8,-1.9758,False
a457cfb5,Mayank Dagar,-1.4333,-1.4333,1,-1.2416,False
fb5f69e4,M Tiwari,-1.4554,-0.3638,4,-1.2992,False
a1d95bd8,LB Williams,-1.481,-0.7405,2,-1.0735,False
c7a995d3,R Sai Kishore,-1.4882,-0.093,16,0.2464,False
13c35c9e,TG Southee,-1.4951,-0.0138,108,-5.9234,False
a1d053dd,SS Cottrell,-1.6636,-0.8318,2,-1.8036,False
dddca1d6,SB Wagh,-1.6752,-0.5584,3,-1.7945,False
6821ac10,JJ van der Wath,-1.692,-0.0995,17,-2.981,False
cd8d2859,DG Nalkande,-1.7215,-0.1435,12,-2.3383,False
b69e69ed,AA Noffke,-1.7688,-0.1474,12,-1.732,False
45c2196c,DE Bollinger,-1.7857,-0.0776,23,-4.9492,False
d92e42f5,KP Appanna,-1.7921,-0.448,4,-2.3069,False
888e32bf,Abdur Razzak,-1.8083,-0.9041,2,-1.9835,False
2c76b512,DJ Muthuswami,-1.8735,-0.6245,3,-1.9883,False
ce794613,T Natarajan,-1.9157,-0.3831,5,-2.4809,False
8b9704ae,L Ablish,-1.9434,-0.9717,2,-1.9835,False
025c4400,MJ Suthar,-1.9696,-0.9848,2,-1.6916,False
eea6b7f1,SP Fleming,-1.9838,-0.0116,171,-15.7662,False
f2c936d7,MJ Owen,-2.0006,-1.0003,2,-1.8136,False
0c432afb,P Parameswaran,-2.0037,-0.6679,3,-2.1852,False
c64c2443,J Syed Mohammad,-2.0705,-0.0767,27,-3.5806,False
f834dcfc,L Ngidi,-2.0721,-1.0361,2,-1.9835,False
e03b66ec,Mohammad Asif,-2.0984,-0.3497,6,-2.7154,False
1b7b0fa7,Vivrant Sharma,-2.1067,-0.043,49,-0.0719,False
0b60eb09,KA Maharaj,-2.1267,-1.0633,2,-1.9864,False
4180d897,JE Taylor,-2.1853,-0.5463,4,-2.5738,False
d621b427,Musheer Khan,-2.2352,-0.7451,3,-2.2414,False
e0407c01,IC Pandey,-2.2629,-1.1315,2,-2.408,False
a7c226e1,FH Edwards,-2.281,-0.4562,5,-2.9612,False
53fe6ee4,DS Lehmann,-2.4394,-0.1284,19,-4.387,False
fcc21ace,A Kamboj,-2.4941,-0.1663,15,-1.7076,False
e96801ea,MS Bhandage,-2.5527,-0.6382,4,-2.1307,False
25f7b7d6,T Banton,-2.5852,-0.0783,33,-5.5123,False
f5f18a18,S Randiv,-2.6383,-0.6596,4,-2.6694,False
acee4cc4,Imran Tahir,-2.6691,-0.0721,37,-6.0108,False
3b53243a,XC Bartlett,-2.7637,-0.1842,15,-2.3011,False
7d3720ba,RR Bhatkal,-2.812,-1.406,2,-3.0137,False
d7017798,A Raghuvanshi,-2.8391,-0.0087,326,36.0634,False
a90e53ec,MW Short,-2.8577,-0.0267,107,7.7285,False
1a156c88,DJM Short,-2.8973,-0.0284,102,-10.587,False
ba6b2f91,RA Bawa,-2.9023,-0.1612,18,-2.4329,False
0d232ffd,MA Khote,-2.9556,-0.1343,22,-4.8348,False
12314277,Arshad Khan (2),-2.9655,-0.3707,8,-1.7265,False
c33d8116,Mohsin Khan,-2.9778,-0.1103,27,-3.2817,False
5b16a806,A Dananjaya,-2.9812,-0.5962,5,-3.1154,False
e412cb64,HF Gurney,-3.0102,-0.602,5,-3.824,False
2e78f685,KR Sen,-3.0115,-1.0038,3,-3.0952,False
b56dc5f7,BE Hendricks,-3.0492,-1.0164,3,-3.1437,False
ea0cdc12,BAW Mendis,-3.1138,-0.519,6,-3.993,False
f663ef00,J Arunkumar,-3.147,-0.1311,24,-4.1254,False
957532de,S Aravind,-3.1506,-0.0534,59,-6.1976,False
33ffc3dd,R Sanjay Yadav,-3.237,-1.6185,2,-3.1064,False
9a46c4e5,GD Phillips,-3.2729,-0.0595,55,-3.313,False
64775749,RP Meredith,-3.2888,-1.0963,3,-3.0167,False
0a4ebc61,T Henderson,-3.3093,-0.2068,16,-4.9706,False
addfb70e,SW Tait,-3.3537,-0.129,26,-3.8531,False
d7a57f75,D du Preez,-3.3609,-0.2585,13,-5.2989,False
c16d4035,SW Billings,-3.4125,-0.0086,399,-22.8133,False
13fc5c6d,DS Rathi,-3.4443,-0.8611,4,-3.1369,False
75de770f,T Taibu,-3.4524,-0.1328,26,-5.4077,False
441c72ae,P Ray Barman,-3.5313,-0.1413,25,-5.9446,False
6b71e6cf,KC Sangakkara,-3.5445,-0.0025,1424,-170.0444,False
e1d9ae9c,Shivam Singh,-3.5822,-1.1941,3,-3.1291,False
ce4cc4d5,R Ninan,-3.5983,-0.5997,6,-4.0059,False
9a963804,LE Plunkett,-3.6772,-1.2257,3,-3.6679,False
bd17b45f,STR Binny,-3.6796,-0.0053,700,-58.8695,False
6581d753,JM Kemp,-3.6971,-0.1479,25,-6.7991,False
030f3089,K Yadav,-3.7114,-0.9279,4,-4.2429,False
83c3e8e3,SH Johnson,-3.7114,-0.3374,11,-3.5054,False
33cb3411,Younis Khan,-3.7119,-0.5303,7,-3.9573,False
14b14cd8,DM Bravo,-3.7289,-0.7458,5,-3.9558,False
5673a3fc,NL McCullum,-3.7326,-0.1623,23,-6.455,False
6c882e9a,PBB Rajapaksa,-3.7605,-0.0187,201,3.9627,False
c2dd89ea,BR Sharath,-3.7757,-0.7551,5,-4.0217,False
aa5d8c9e,A Tomar,-3.7841,-0.473,8,-3.8225,False
5056011d,GJ Bailey,-3.8231,-0.0069,552,-47.8053,False
a03bba42,T Shamsi,-3.8416,-0.9604,4,-3.8548,False
0fa5042b,L Ronchi,-3.8539,-0.1042,37,-6.6739,False
c8179c68,SB Jakati,-3.8707,-0.129,30,-7.7818,False
a343262c,JE Root,-3.9068,-0.2605,15,-3.3357,False
b0f2baf4,Sanvir Singh,-3.9818,-0.181,22,-1.7979,False
be869ccf,GHS Garton,-3.9853,-0.9963,4,-4.1606,False
10a91f35,Shoaib Akhtar,-4.0229,-0.5029,8,-4.1269,False
68c56d09,KA Jamieson,-4.1033,-0.0684,60,-3.9217,False
54e52590,Vijaykumar Vyshak,-4.1413,-0.3186,13,-1.9657,False
abfeb126,M Kartik,-4.1682,-0.0382,109,-13.3773,False
b9be6507,AS Yadav,-4.2204,-0.1055,40,-7.7012,False
1647bd37,Karanveer Singh,-4.2994,-0.2529,17,-5.1206,False
d7b3a420,Jaskaran Singh,-4.3118,-0.392,11,-5.1501,False
99b202b3,A Chandila,-4.3493,-0.6213,7,-4.4815,False
9f77963a,Gulbadin Naib,-4.4024,-0.2935,15,-2.4331,False
9ff100a6,RS Gavaskar,-4.4432,-0.5554,8,-5.0998,False
5d096f3d,RR Powar,-4.4508,-0.0695,64,-9.2163,False
9868bc75,BMAJ Mendis,-4.4726,-0.1657,27,-6.8261,False
8db7f47f,RJW Topley,-4.5229,-0.7538,6,-3.5526,False
f708a0bc,GB Hogg,-4.8206,-0.2191,22,-6.5186,False
ef5da05c,AG Murtaza,-4.8946,-0.3496,14,-7.1476,False
4933f499,JP Behrendorff,-4.9282,-0.5476,9,-3.6824,False
57ca01b3,Kumar Kushagra,-4.9471,-0.7067,7,-4.0891,False
4bd09374,Akash Madhwal,-4.9501,-0.3536,14,-4.2186,False
0ed0cdbf,H Das,-5.0056,-1.0011,5,-5.3453,False
7d92277a,Mujeeb Ur Rahman,-5.0312,-0.3354,15,-5.9899,False
f18ba07f,Ankit Soni,-5.0964,-0.5663,9,-4.6312,False
e3851766,KS Rathore,-5.1935,-1.0387,5,-4.3754,False
8f6dd463,Azmatullah Omarzai,-5.2008,-0.0675,77,-1.9297,False
08548b13,PHKD Mendis,-5.2355,-0.0727,72,-3.038,False
8a668774,Shoaib Ahmed,-5.2621,-0.877,6,-6.2508,False
81049310,J Yadav,-5.3616,-0.1411,38,-8.9061,False
5d2eea49,Kartik Tyagi,-5.4109,-0.3382,16,-5.8737,False
a9fd84fb,M Markande,-5.4294,-0.1207,45,-4.1889,False
dfc4d8b5,KW Richardson,-5.4645,-0.1401,39,-12.6301,False
dec8e038,J Theron,-5.6253,-0.4327,13,-6.4218,False
fdcb08c2,A Uniyal,-5.8748,-0.8393,7,-6.52,False
c96f6ac5,PWA Mulder,-5.8843,-0.4904,12,-3.4484,False
983f2f61,Swapnil Singh,-5.9321,-0.129,46,-3.9617,False
327b58d3,PVD Chameera,-5.9667,-0.1297,46,-3.7121,False
e4cdf230,AS Roy,-5.9948,-0.2398,25,-2.8419,False
afe3355a,AR Bawne,-5.995,-0.4996,12,-6.9439,False
dce2019b,F Behardien,-6.0088,-0.4622,13,-6.7187,False
7210d461,Yash Dayal,-6.0247,-0.6694,9,-5.5708,False
b2a79f17,B Laughlin,-6.0751,-0.4673,13,-6.6616,False
bb351c23,MM Ali,-6.11,-0.0071,865,-12.836,False
c69a7b5c,AS Raut,-6.1576,-0.0358,172,-27.3791,False
94eac556,CJ McKay,-6.198,-0.4132,15,-6.7518,False
56ab442f,NM Coulter-Nile,-6.3051,-0.0841,75,-11.883,False
6165bca6,A Mukund,-6.3517,-0.2762,23,-9.1149,False
64c34cd0,Shoaib Malik,-6.4865,-0.1324,49,-9.8558,False
94bc776b,D Kalyankrishna,-6.5599,-0.82,8,-7.1913,False
44a89551,KS Bharat,-6.5658,-0.0391,168,-20.7075,False
4663bd23,TL Seifert,-6.5697,-0.2527,26,-6.541,False
a76d10ba,TM Srivastava,-6.6167,-0.6015,11,-7.2155,False
245c97cb,TS Mills,-6.6265,-0.4733,14,-6.815,False
670709ec,SB Joshi,-6.6728,-0.4171,16,-7.588,False
91b9300b,UA Birla,-6.7003,-0.4467,15,-9.4126,False
f842c2cf,MJ Clarke,-6.8585,-0.0714,96,-20.2948,False
ddc0828d,A Flintoff,-6.8643,-0.1204,57,-15.4501,False
c404f58a,DP Nannes,-6.9088,-0.5314,13,-7.9667,False
a2f46292,KK Ahmed,-6.9091,-0.7677,9,-7.3478,False
4e04666c,YV Takawale,-6.9331,-0.0379,183,-27.0694,False
9e7225b0,Saurav Chauhan,-6.9621,-0.4351,16,-6.0316,False
b5da6c24,PA Patel,-6.9767,-0.0029,2442,-194.7841,False
d8b2f218,BB Sran,-6.9985,-0.4999,14,-7.9988,False
fb693839,S Ladda,-7.0881,-0.7088,10,-7.6673,False
f6d8a7ab,K Kartikeya,-7.1871,-0.3993,18,-6.1268,False
23ac69e6,RJ Quiney,-7.2667,-0.0692,105,-23.1679,False
b8527c3d,Rasikh Salam,-7.4117,-0.1853,40,-1.7891,False
2bb09eb2,Mohammad Ashraful,-7.6501,-0.6375,12,-8.5509,False
5b040b81,A Singh,-7.6932,-0.7693,10,-8.869,False
20a941bb,M Ntini,-7.766,-0.4087,19,-9.5467,False
a316d663,GC Viljoen,-7.7727,-1.1104,7,-7.5432,False
063b3673,DH Yagnik,-7.8874,-0.0555,142,-24.9981,False
4c4fa80b,SMSM Senanayake,-7.9849,-0.4697,17,-9.4693,False
e32d22f6,Pankaj Singh,-8.0022,-0.6668,12,-8.7657,False
14f96089,A Zampa,-8.0173,-0.3207,25,-8.1464,False
7a8bd078,S Gopal,-8.2085,-0.0474,173,-18.8377,False
63bff7f9,SM Harwood,-8.2756,-0.5911,14,-9.581,False
faa7365d,DR Shorey,-8.3798,-0.419,20,-10.6788,False
80b2fb19,Prince Yadav,-8.4919,-0.772,11,-7.5043,False
119678fd,KV Sharma,-8.5254,-0.0278,307,-31.3403,False
2eeb4370,C Madan,-8.5321,-0.4063,21,-8.9284,False
bcce309e,WPUJC Vaas,-8.5692,-0.1174,73,-15.0632,False
53f27a35,BB Samantray,-8.6115,-0.0742,116,-17.0958,False
39086549,JR Philippe,-8.8197,-0.1102,80,-17.9545,False
39f82db3,DJ Harris,-8.82,-0.0856,103,-16.687,False
cbf58a86,SK Rasheed,-8.884,-0.1326,67,-7.1548,False
30df8c66,Simarjeet Singh,-8.9217,-0.5948,15,-7.5848,False
9948e262,HE van der Dussen,-9.0506,-0.362,25,-9.273,False
f4f0fafd,B Sumanth,-9.0814,-0.239,38,-13.3194,False
970ddd24,Suryansh Shedge,-9.1298,-0.7608,12,-8.944,False
1763bc6c,X Thalaivan Sargunam,-9.1949,-0.5409,17,-10.7446,False
3ff033bb,MD Shanaka,-9.3756,-0.3606,26,-9.9345,False
de4b0555,R Shukla,-9.4524,-0.411,23,-10.5309,False
9170ff49,Parvez Rasool,-9.6687,-0.4834,20,-12.1349,False
1a0c3177,P Awana,-9.8528,-0.7038,14,-10.3561,False
b52ffbbd,FA Allen,-10.0748,-0.5303,19,-10.7465,False
ada15e88,PSP Handscomb,-10.2158,-0.8513,12,-10.8486,False
c0c411cb,Naveen-ul-Haq,-10.2321,-0.3935,26,-8.9332,False
7bb62642,Anirudh Singh,-10.2668,-0.1488,69,-19.626,True
26ff4c29,RJ Peterson,-10.2881,-0.3215,32,-14.3,False
881a9bdd,S Chanderpaul,-10.2893,-0.3118,33,-11.3697,False
0a8fce53,Mustafizur Rahman,-10.4063,-0.4336,24,-11.2868,False
32198ae0,MC Henriques,-10.4476,-0.013,801,-93.6527,False
3204c99f,G Coetzee,-10.5016,-0.3182,33,-8.4862,False
85aae393,Iqbal Abdulla,-10.5529,-0.1227,86,-13.7521,False
03806cf8,JR Hazlewood,-10.6725,-0.3558,30,-9.6343,False
26d041c4,Sikandar Raza,-10.7343,-0.0751,143,-2.0605,False
4ba44e19,M Muralitharan,-10.7814,-0.3594,30,-13.6957,False
f0af99a7,D Ferreira,-10.9107,-0.7793,14,-9.8564,False
25eeb281,PC Valthaty,-10.9141,-0.0253,432,-36.9736,False
b2ae53f5,T Thushara,-10.9858,-0.5782,19,-13.7791,False
4d6d6280,Salman Butt,-10.9864,-0.0639,172,-21.655,False
a2870fb7,NK Patel,-11.0181,-0.0889,124,-22.9812,False
12eddf28,RJ Harris,-11.0307,-0.0985,112,-21.1575,False
76388dc8,S Badree,-11.0356,-0.4414,25,-12.3614,False
ad9c32a2,DJ Malan,-11.1302,-0.4281,26,-8.8717,False
dd7e9b3b,YV Dhull,-11.2169,-0.4877,23,-8.5531,False
641ac5ff,IS Sodhi,-11.2641,-0.6258,18,-11.9415,False
21d4e29b,Navdeep Saini,-11.2681,-0.1483,76,-17.6068,True
871e9faf,Basil Thampi,-11.2701,-0.3046,37,-12.0719,False
39ed0d2f,KS Sharma,-11.4238,-0.457,25,-10.8161,False
e9c7f0d0,Fazalhaq Farooqi,-11.6414,-0.7761,15,-10.2213,False
9eb1455b,NT Ellis,-11.6704,-0.4489,26,-12.0295,False
0c9652b0,HR Shokeen,-11.8463,-0.1768,67,-11.2898,True
2cdce1be,C Sakariya,-11.9086,-0.3841,31,-14.3331,False
9a158001,Azhar Mahmood,-12.001,-0.0386,311,-28.2969,False
93a17209,VY Mahesh,-12.0043,-0.4287,28,-14.0345,False
1399b39c,Anmolpreet Singh,-12.2039,-0.1026,119,-5.0253,False
6ec424a9,ND Doshi,-12.4331,-0.9564,13,-11.274,False
0bacade8,Rahmanullah Gurbaz,-12.5191,-0.0442,283,26.3966,False
bafd0398,R Minz,-12.6381,-0.7899,16,-13.4369,False
b0946605,AS Joseph,-12.6434,-0.3951,32,-12.0063,False
0f721006,JO Holder,-12.6522,-0.0557,227,-25.2916,False
90edaaa9,S Rana,-12.7542,-0.1555,82,-16.9873,True
40caa465,T Kohli,-12.9041,-0.6452,20,-14.2326,False
db31895a,AS Rajpoot,-12.9213,-0.3152,41,-15.7129,False
acc1aeda,SP Jackson,-12.9458,-0.2271,57,-15.08,False
3355b542,F du Plessis,-12.9789,-0.0036,3640,-78.4219,False
1ee08e9a,JA Richardson,-13.0632,-0.4838,27,-12.3402,False
7c7d63a2,AJ Tye,-13.0998,-0.1658,79,-11.4243,True
23cca426,OF Smith,-13.2675,-0.2654,50,-12.4856,False
d2a989fc,DS Kulkarni,-13.3197,-0.1179,113,-22.1199,False
0c2730df,A Kumble,-13.5579,-0.2767,49,-19.5595,False
297b26da,Yashpal Singh,-13.7066,-0.2046,67,-26.1274,True
8998a68f,Sumit Kumar,-13.7342,-0.5282,26,-11.3734,False
69762509,DR Martyn,-13.7629,-0.5293,26,-14.5395,False
d3a3e82d,AB Barath,-13.7933,-0.3208,43,-16.146,False
9385de2e,SS Prabhudessai,-13.8292,-0.1224,113,-8.6286,False
b1451597,LR Shukla,-13.8306,-0.0386,358,-50.8645,False
350bb1b1,AF Milne,-13.8891,-0.448,31,-15.8404,False
77b1aa15,Harshit Rana,-13.9537,-0.2448,57,-6.622,False
69d03465,AT Carey,-14.1007,-0.4862,29,-16.765,False
d68e7f48,R Rampaul,-14.146,-0.272,52,-17.9773,False
acdc62f5,A Nortje,-14.4055,-0.2825,51,-8.8997,False
3a02626a,AG Paunikar,-14.4366,-0.2367,61,-19.8154,True
ff1e68fa,B Indrajith,-14.475,-0.4669,31,-12.9445,False
b970a03f,M Klinger,-14.7539,-0.1892,78,-21.7787,True
69be866a,Anureet Singh,-14.9385,-0.3178,47,-17.7917,False
5bb1a1c4,I Sharma,-15.007,-0.2114,71,-19.333,True
c38d3503,Shivam Mavi,-15.0588,-0.2596,58,-17.7593,False
b2570b38,RV Gomez,-15.1389,-0.2856,53,-19.9555,False
b4f5c2d9,KL Nagarkoti,-15.1441,-0.4327,35,-18.6839,False
0aadc906,PR Shah,-15.1467,-0.1562,97,-25.3988,True
ed5a5510,P Dubey,-15.2143,-0.461,33,-14.2523,False
26a85969,R Dhawan,-15.2653,-0.0812,188,-25.5713,False
b61a3e1a,LRPL Taylor,-15.52,-0.0183,847,-115.6886,False
2cffab74,Mukesh Kumar,-15.5471,-0.7774,20,-12.1186,False
30a2649b,CM Gautam,-15.5635,-0.0985,158,-27.9303,False
8fd1a8f5,DW Steyn,-15.6448,-0.096,163,-28.341,False
b63ab531,LA Pomersbach,-15.713,-0.0626,251,-38.4583,False
0604ef16,SB Bangar,-15.7897,-0.2722,58,-21.2824,False
df5a6881,DP Conway,-15.8295,-0.0199,794,-18.8378,False
f836b33d,T Kohler-Cadmore,-15.982,-0.296,54,-14.1306,False
aaa1b522,TL Suman,-16.012,-0.0273,587,-77.827,False
dc9dd038,Sachin Baby,-16.1063,-0.1309,123,-23.7872,False
3d7e087f,SK Trivedi,-16.2202,-0.2659,61,-22.6915,True
85e0cf10,M Prasidh Krishna,-16.4437,-0.6852,24,-17.9463,False
663b5e34,PN Mankad,-16.5514,-0.2207,75,-4.8159,True
b2b50355,L Balaji,-16.57,-0.3314,50,-21.5767,False
619aa81f,W Jaffer,-16.7306,-0.1297,129,-20.5294,False
26d76ad9,Virat Singh,-16.7691,-0.645,26,-19.3939,False
75224f22,KMA Paul,-16.9365,-0.6514,26,-19.0398,False
dcf81436,S Kaul,-17.0341,-0.4732,36,-19.598,False
efc04be7,Noor Ahmad,-17.3133,-0.4947,35,-17.4756,False
41eb4a4f,R Vinay Kumar,-17.5447,-0.0607,289,-40.2464,False
7c3b3b78,VG Arora,-17.9457,-0.7178,25,-16.119,False
a84468fe,DJ Jacobs,-17.9617,-0.1778,101,-25.3212,True
f24c6701,M Theekshana,-18.1453,-0.5337,34,-15.6178,False
7f048519,DJ Willey,-18.1681,-0.2839,64,-15.3472,True
e38bce7a,MG Bracewell,-18.2742,-0.3729,49,-12.0309,False
f62772e5,P Negi,-18.3349,-0.0609,301,-38.5649,False
85ec8e33,SS Iyer,-18.5442,-0.0063,2931,-76.1468,False
3edb58fc,AD Mascarenhas,-18.7555,-0.2374,79,-26.1751,True
c03c6200,DJG Sammy,-18.9976,-0.0757,251,-43.996,False
64a4c383,S Sriram,-19.0126,-0.5003,38,-20.8422,False
5724e517,Tanush Kotian,-19.2426,-0.6013,32,-17.1116,False
4c5d73db,CR Woakes,-19.7578,-0.2566,77,-22.9964,True
6aed7e79,PV Tambe,-19.892,-0.5101,39,-21.9777,False
95a2ea61,S Anirudha,-20.0015,-0.1653,121,-33.074,True
36d33dd0,RR Sarwan,-20.0075,-0.2565,78,-23.4229,True
d7c6af50,DL Vettori,-20.2919,-0.172,118,-29.8459,True
facb9086,SD Chitnis,-20.3112,-0.2208,92,-25.3307,True
8cf9814c,Mohammed Shami,-20.3332,-0.2186,93,-21.4259,True
5748e866,TD Paine,-20.3575,-0.702,29,-21.1373,False
eade4650,DJ Mitchell,-20.5902,-0.0751,274,-15.2925,False
a45a5e8d,AM Nayar,-20.7103,-0.0352,588,-104.373,False
9219eff0,JDS Neesham,-21.1965,-0.2279,93,-29.5473,True
7daedf2f,KB Arun Karthik,-21.2719,-0.4014,53,-23.792,False
7d3937ed,DJ Thornely,-21.2935,-0.3943,54,-25.8583,False
0494fa6e,Vishnu Vinod,-21.6791,-0.3738,58,-17.9384,False
f088b960,SN Khan,-21.9197,-0.0481,456,-40.0121,False
244048f6,Arshdeep Singh,-21.9482,-0.4573,48,-19.7047,False
cfad138c,CK Kapugedera,-21.9634,-0.9151,24,-23.8327,False
28c78fb3,Harpreet Singh,-21.9704,-0.1846,119,-22.8551,True
66b30f71,AB Dinda,-22.0026,-0.4401,50,-26.1411,False
16043342,AB McDonald,-22.0581,-0.2142,103,-25.7674,True
462411b3,JJ Bumrah,-22.1527,-0.2735,81,-24.686,True
60500956,RV Patel,-22.3314,-0.2938,76,-22.7498,True
caf69bf7,DR Sams,-22.4787,-0.4683,48,-20.7398,False
a818c1be,TA Boult,-22.8132,-0.2622,87,-21.8601,True
da934ee8,MK Lomror,-22.9592,-0.0584,393,-16.1263,False
ce820073,Sandeep Sharma,-23.0066,-0.2876,80,-24.7045,True
2ed569a0,RD Chahar,-23.2103,-0.1828,127,-17.6366,True
5451a2c1,B Chipli,-23.4695,-0.0917,256,-48.4931,False
b63e358a,RK Bhui,-23.9371,-0.8866,27,-25.4565,False
f986ca1a,HV Patel,-24.0477,-0.0998,241,-18.2307,False
5d9a1a73,R Sharma,-24.0567,-0.3124,77,-29.75,True
2461eef2,PA Reddy,-24.1778,-0.1448,167,-38.9332,True
de8d3876,M Rawat,-24.2353,-0.3462,70,-30.4177,True
378daa89,Aman Hakim Khan,-24.2456,-0.2224,109,-13.0466,True
7050a1e7,DB Das,-24.5845,-0.0921,267,-46.9753,False
e2db2409,M Ashwin,-24.7952,-0.4959,50,-25.4327,False
e4a0deae,MJ Santner,-24.9885,-0.2251,111,-23.2998,True
de8cce37,VVS Laxman,-25.127,-0.0927,271,-51.7834,False
ffe699c0,CJ Jordan,-25.5419,-0.3153,81,-26.2767,True
3dba85c2,WA Mota,-26.1727,-0.3444,76,-35.3525,True
e62dd25d,K Rabada,-26.24,-0.1215,216,-30.4932,False
3eac9d95,JDP Oram,-26.3376,-0.2394,110,-43.847,True
a12e1d51,SL Malinga,-26.4455,-0.2568,103,-34.0755,True
ff1e12a0,AJ Turner,-26.5595,-0.8568,31,-27.2643,False
96fd40ae,A Nehra,-26.8024,-0.4254,63,-30.7575,True
9ab63e7b,Mohammad Hafeez,-26.931,-0.3206,84,-32.0427,True
6b8eb6e5,S Sreesanth,-27.4191,-0.481,57,-32.2754,False
cc1e8c68,UT Yadav,-27.4871,-0.1303,211,-32.4609,False
2815fe50,AA Jhunjhunwala,-27.9104,-0.128,218,-49.9725,False
5b7ab5a9,CV Varun,-28.176,-0.5031,56,-28.3343,False
2f49c897,Mohammed Siraj,-28.3261,-0.223,127,-28.7756,True
e249fdaa,A Chopra,-28.606,-0.3814,75,-35.4515,True
6c6591ab,PP Ojha,-28.6068,-0.6357,45,-33.2329,False
9fc0ef64,PJ Sangwan,-28.7171,-0.611,47,-33.0716,False
2e171977,AR Patel,-30.9316,-0.0207,1497,-0.0289,False
759ac88f,MM Sharma,-30.9415,-0.221,140,-33.2732,True
9b4935c8,CJ Ferguson,-31.0324,-0.2608,119,-46.51,True
c3d1402f,RP Singh,-31.1889,-0.3999,78,-39.5807,True
b720a5d6,DB Ravi Teja,-31.233,-0.0961,325,-65.4077,False
626c5379,R Sathish,-32.1769,-0.1363,236,-46.0034,False
e938e1bc,P Kumar,-32.4271,-0.1004,323,-51.3076,False
0a3d54b9,VR Aaron,-32.4458,-0.4445,73,-35.4566,True
c15e2193,FY Fazal,-32.5461,-0.1818,179,-46.8098,True
bff458c6,AA Bilakhia,-32.9901,-0.3749,88,-44.166,True
c995d726,CA Ingram,-33.1122,-0.1761,188,-42.2941,True
a4e37e47,S Dube,-33.1751,-0.0242,1369,-32.0561,False
aedc3b7c,NS Naik,-33.2486,-0.6273,53,-36.644,False
91a4a398,Z Khan,-33.2745,-0.236,141,-42.9551,True
addbde6c,N Saini,-33.7047,-0.2357,143,-41.1648,True
0890552f,A Manohar,-33.8245,-0.1392,243,-19.9748,True
c05edf8e,Harpreet Brar,-34.4384,-0.1609,214,-23.6867,True
bb965e9a,PK Garg,-34.6488,-0.1403,247,-50.8242,True
df064e1a,Ravi Bishnoi,-35.2075,-0.5178,68,-31.8823,True
3fb19989,MA Starc,-35.3889,-0.2949,120,-39.1725,True
d2a6c0e6,EJG Morgan,-35.4503,-0.0299,1184,-147.1362,False
dded65e7,IR Jaggi,-35.6337,-0.3563,100,-44.1937,True
a97c8ec2,PWH de Silva,-36.3719,-0.3829,95,-32.7265,True
3a60e0b5,WD Parnell,-36.5395,-0.4249,86,-46.3043,True
aad0c365,Nithish Kumar Reddy,-37.501,-0.0982,382,1.5349,False
f10e94c4,AD Nath,-37.5842,-0.3796,99,-39.6208,True
a1f1829d,K Goel,-38.6183,-0.1616,239,-67.3349,True
b4b99816,Shubman Gill,-39.0138,-0.0135,2882,8.6044,False
4ae1755b,HC Brook,-39.332,-0.2474,159,-15.9153,True
d0513f63,CL White,-40.0071,-0.0517,774,-106.2173,False
04a418e8,R Parag,-41.1545,-0.0356,1157,-0.4501,False
c654af19,R McLaren,-41.2988,-0.232,178,-57.3549,True
605b7efa,MC Juneja,-42.7246,-0.3188,134,-50.222,True
bb18be76,SK Warne,-42.7632,-0.1953,219,-66.2621,True
f846de6a,MN Samuels,-42.7776,-0.2458,174,-64.019,True
6eb146d2,Gurkeerat Singh,-43.5381,-0.0999,436,-69.3918,False
57efa3be,SB Styris,-43.9573,-0.328,134,-55.031,True
89f64c19,LMP Simmons,-45.8222,-0.0522,878,-99.6161,False
57ee1fde,YS Chahal,-46.3961,-0.5213,89,-49.6686,True
cf73ad76,JEC Franklin,-46.5259,-0.1506,309,-72.1238,True
2728e7e9,P Dogra,-47.1468,-0.3344,141,-55.4988,True
f5180fe6,MG Johnson,-47.1788,-0.2808,168,-57.398,True
afa7e784,MS Wade,-47.2071,-0.2552,185,-41.9967,True
896d78ad,AD Mathews,-47.6886,-0.0796,599,-103.9663,False
9d80c5e1,S Nadeem,-48.619,-0.5525,88,-56.4497,True
c8f5f961,Anuj Rawat,-49.7049,-0.1782,279,-37.7099,True
81c36ee9,M Jansen,-49.9368,-0.3672,136,-42.6652,True
662c47a6,Y Nagar,-50.6938,-0.1871,271,-74.9602,True
d5130a30,B Sai Sudharsan,-51.7267,-0.0404,1279,59.7519,False
7c503806,J Botha,-51.8287,-0.1424,364,-98.0884,True
7d415ea5,RT Ponting,-54.218,-0.4203,129,-61.3791,True
7ca5e05d,RS Bopara,-54.9435,-0.1174,468,-100.7259,False
30a45b23,SPD Smith,-55.2266,-0.0275,2007,-234.6012,False
5fa06777,IK Pathan,-55.7104,-0.0566,985,-155.3899,False
48fd7349,MEK Hussey,-56.2455,-0.0341,1648,-220.828,False
6a26221c,AK Markram,-56.3353,-0.0511,1102,-10.1603,False
5b8c830e,KH Pandya,-56.5652,-0.0411,1377,-94.5136,False
541f85c9,SP Goswami,-57.7683,-0.1882,307,-89.5019,True
d84378a4,M Kaif,-60.1007,-0.2329,258,-78.2533,True
bd54eef5,N Jagadeesan,-60.5694,-0.3834,158,-48.8618,True
f9e6e7ef,Shahbaz Ahmed,-61.2649,-0.1271,482,-43.209,False
fe763256,Y Venugopal Rao,-61.5712,-0.0712,865,-142.4026,False
c42aaf71,M Manhas,-62.5399,-0.1287,486,-120.7153,False
8291f939,AL Menaria,-62.9971,-0.1717,367,-104.1058,True
872b03f7,A Badoni,-63.0624,-0.0852,740,-18.9721,False
d18f9182,DPMD Jayawardene,-64.8546,-0.0426,1522,-187.7319,False
7dc35884,Shakib Al Hasan,-65.4889,-0.0985,665,-124.8462,False
fe11caa6,WP Saha,-68.1217,-0.0287,2373,-149.2832,False
98ae73b1,PP Chawla,-68.1574,-0.1175,580,-110.5946,False
d014d5ac,SE Rutherford,-68.8158,-0.2178,316,-55.0306,True
2e8994e7,JP Duminy,-70.4875,-0.042,1680,-258.0776,False
c3a96caf,Mandeep Singh,-70.9255,-0.0497,1427,-137.4122,False
fd835ab3,DJ Hussey,-72.1811,-0.0656,1101,-159.7137,False
7bf96684,OA Shah,-73.1528,-0.1806,405,-109.6335,True
0c94f480,UBT Chand,-73.4711,-0.234,314,-99.1845,True
b57f8a9a,BJ Hodge,-73.7971,-0.064,1153,-215.1143,False
495d42a5,R Ashwin,-74.4508,-0.1018,731,-95.4876,False
5afd4539,MS Bisla,-75.6047,-0.1026,737,-129.9472,False
f19ccfad,Washington Sundar,-75.9441,-0.1783,426,-69.0805,True
d67d5f00,DA Miller,-76.4077,-0.0332,2299,-126.816,False
72861603,GC Smith,-76.6618,-0.1109,691,-150.2495,False
8d2c70ad,Kuldeep Yadav,-80.803,-0.3312,244,-73.4058,True
ad427b5c,Lalit Yadav,-84.5607,-0.2809,301,-77.2339,True
0184dc35,R Dravid,-85.6352,-0.0446,1918,-277.5832,False
1c914163,Yuvraj Singh,-85.7369,-0.0388,2207,-323.3331,False
6b19d823,A Mishra,-87.6237,-0.1991,440,-114.7913,True
d4f9dbd4,CA Pujara,-91.4983,-0.227,403,-120.6721,True
2a2e6343,DT Christian,-93.5308,-0.2292,408,-127.5036,True
3576e47e,S Badrinath,-93.6097,-0.0752,1245,-210.9777,False
73ad96ed,DJ Hooda,-98.8043,-0.0815,1213,-135.8449,False
e1d1b294,HH Gibbs,-101.0979,-0.1208,837,-194.6947,False
4a8a2e3b,MS Dhoni,-108.6633,-0.0263,4124,-430.3442,False
2e81a32d,B Kumar,-114.4877,-0.3103,369,-120.0817,True
0994d0ae,V Shankar,-115.4899,-0.1172,985,-129.6681,False
bb345e0b,G Gambhir,-117.0455,-0.0332,3524,-412.1664,False
99d63244,KM Jadhav,-118.5078,-0.1166,1016,-176.0602,False
5bdcdb72,TM Dilshan,-122.3645,-0.1169,1047,-226.9885,False
94253925,GH Vihari,-122.8763,-0.3712,331,-149.6554,True
fe93fd9d,RA Jadeja,-125.4935,-0.048,2614,-279.5693,False
890946a0,NV Ojha,-125.8646,-0.0925,1360,-251.6214,False
70d205c9,AT Rayudu,-129.9933,-0.0368,3534,-381.3553,False
0a476045,S Dhawan,-137.0923,-0.025,5493,-489.6197,False
709b0bac,SS Tiwary,-146.284,-0.1133,1291,-263.9072,False
d027ba9f,KS Williamson,-150.4138,-0.0862,1745,-264.6842,False
29e95537,AM Rahane,-175.1207,-0.0422,4148,-415.1495,False
2c25d4f5,D Padikkal,-185.8556,-0.1239,1500,-204.6327,False
d2c2b2d5,SR Tendulkar,-190.6931,-0.0933,2044,-352.2948,False
725529bc,SC Ganguly,-197.5992,-0.149,1326,-340.8454,True
26e5cabf,MK Tiwary,-203.0676,-0.1364,1489,-311.9723,False
ba607b88,V Kohli,-272.1436,-0.0405,6724,-403.3707,False
93b4fc78,MK Pandey,-326.587,-0.0968,3374,-556.0337,False
86dc8f2e,JH Kallis,-373.4743,-0.163,2291,-595.0535,True
