date	idea	commit	ll_50k	market_ll	roi_50k_pct	roi_ci	n_bets	verdict	notes
2026-07-11	A1	574c579	0.6318	0.6267	+20.56	per-seed, see report	168	LANDED	5-seed noise floor: LL std 0.0068 (0.6231-0.6399), ROI std 2.3pp (+18.2 to +24.0); seed29 retrain 0.6231 vs historical headline 0.6299
2026-07-11	A2	c337826	0.6308	0.6267	+18.23	[-3.07,+38.79]	168	FAILED	seed-bag arithmetic mean of 5 A1 seeds; LL +0.0010 vs baseline mean 0.6318 (<0.007 floor), ROI -2.33pp vs +20.56% -> neither improved; bagging correlated seeds = tiny Jensen LL gain, no ROI help. Reverted d994bbd
2026-07-11	A3	(eval-only)	0.6396	0.6267	+22.21	[+1.73,+44.35]	168	FAILED	v7 sim blend w-sweep {0.05,0.1,0.2,0.3} vs same-session w=0 (LL 0.6299 / ROI +21.90pct); LL degrades MONOTONICALLY with w on every slice, ROI noisy never clears 2pp floor (best w=0.20 +0.31pp with LL +0.0097 worse). Row shows best-ROI w=0.20. Close-slice worse at every w. Sim carries no winner signal direct lacks; no code to revert (eval-only)
2026-07-11	A4	56d975c	0.6298	0.6267	+23.62	[+3.27,+45.53]	168	TABLED	50/50 logit-avg(logistic,M7) drove verdict: ROI +23.62% (+3.06pp vs A1 fresh-base mean 0.6318/+20.56%, >2.3pp floor) but LL -0.0020 (<0.007 floor). Standalone logistic FAILS: LL 0.6390 (+0.0072 worse) / ROI +21.43% (+0.87pp flat). Exactly one metric up -> TABLED. Blend ROI beats both parents (logi +21.43, M7 +21.90) = real ensemble effect, but vs M7-alone logistic adds only +1.72pp ROI/-0.0001 LL (both <floor) -> part of the win is M7 seed luck. Code reverted. Combine candidate: 3-way logit-avg {logistic, A1 seed-bag, M7}
2026-07-11	A5	(eval-only)	0.6322	0.6267	+18.08	per-seed, see report	168	FAILED	6 mean-centered interactions (ELO/toss × venue), products of existing cols (no re-materialization). Correlation check: all PASS redundancy (max|r_existing| 0.06-0.12) but FAIL target-corr floor (|r_tgt| 0.005-0.032, only 1/6 clears 0.03 = M6 pattern). Trained anyway (materialization free) at A1's same 5 seeds, paired. Mean LL 0.6322 vs A1 base 0.6318 (dLL +0.0004, sub-floor -> not improved); mean ROI +18.08% vs +20.56% (dROI -2.48pp, beyond floor -> declined, 4/5 seeds down). Neither gate metric improved. Depth-4 XGB already captures interactions natively; explicit products only add noise. Eval-only, gitignored scratch, nothing to revert.
2026-07-11	A7	(betting-layer)	0.6299	0.6267	+36.93	[+12.06,+68.89]	109	LANDED	slice-conditional edge thr (M8 follow-up): close(|elo_diff|<=5) bet flat, mismatch(>5) require edge>10%. Betting-layer, predictions/LL untouched (0.6299). vs flat-thr-0 baseline +21.90%/168bets: ROI +36.93% (+15.03pp>>2pp floor), win 51.8->56.0%, maxDD 12.52->5.91, total profit 36.79->40.25u, CI lo +2.28->+12.06. Dropped 59 mismatch/low-edge bets = net-losing subset (-5.86% ROI); reproduces M8 over-confidence-on-lopsided finding. Kept commit. 100k directionally consistent (+26.39->+35.86%, CI lo -0.99 at n=72)
2026-07-11	A6	0f55e48	0.6320	0.6267	+19.04	per-seed, see report	168	FAILED	historical weather dew proxy (open-meteo geocode+archive, 73% venue geocode / 89.9% test coverage). 3 features: evening humidity, dewpoint, oriented wx_dew_adv_team1=(RH-trainmean)*(1-2*bat_first). Corr-check M6/A5 pattern: PASS redundancy (max|r_existing| 0.13-0.14) but FAIL target-floor (|r_tgt| 0.004-0.008, oriented feat 0.0049<<0.03). Paired 5-seed (A1 seeds) mean LL 0.6320 vs base 0.6318 (dLL +0.0002 sub-floor -> not improved), ROI +19.04% vs +20.56% (dROI -1.52pp, down 3/5, within noise -> not improved). Neither gate up -> FAILED. Dew real physics but weak/already-priced at match-level (venue_chase_win_pct x bat_first). Code reverted; weather cache kept data/external/weather.
2026-07-11	A8	51ed044	(sim-gate)	(sim-gate)	(sim-gate)	(sim-gate)	(sim-gate)	FAILED	phase-conditional vector-scaling ball calibrator (3x6 params) vs single global vector (E5). Sim gate pair, paired Brier_sim phase-vec cluster-boot by match, n=261x100 seed42. GATE1 tail overshoot (pp_total+bowler_wkts, want DOWN): pooled dBrier -0.0001 CI [-0.0008,+0.0006] = indistinguishable from 0, mixed per-family signs (pp_total_45.5 -0.0025, pp_total_55.5 +0.0010, bowler_wkts_1plus -0.0006, _2plus +0.0007) -> NOT improved. GATE2 top_bowler (must not regress): +0.0002 CI [-0.0003,+0.0007] = flat, no regress but no improve. E5 regressors unchanged (team_first_over_mae +0.003, batter_runs_mae +0.003, both noise). Neither gate up -> FAILED. Global fallback == v1 exactly (max abs diff 0). Phase vectors diverge only 3-7pct from global; prop aggregation over multi-phase balls washes out small per-ball differences. n=30 smoke looked all-worse but was sampling noise. Reverted f532396. models/auto/a8 scratch kept (gitignored).
2026-07-11	A9	abb6823	0.6383	0.6267	+17.37	per-seed, see report	168	FAILED	E4 quantile-pooling forward test (all8=+8 pooled-ELO survivors vs e4-base, paired 5 seeds {29,7,13,42,101} on the E4 unfrozen parquet, E4 column order -> seed29 byte-reproduces E4: base 0.6312/+15.38, all8 0.6288/+24.35). Paired MEAN >=$50k: dLL +0.0019 (all8 WORSE, sub-floor 0.007; only seed29 favors all8, 4/5 flat-to-worse) / dROI -0.76pp (all8 WORSE, sub-floor 2.3; 3/5 seeds worse). Neither gate up -> FAILED. E4 single-seed readout was seed-29 luck: seed29 is the sole seed where all8 wins both metrics (dROI +8.97). Vindicates E4 val rule (DISCARD) + A1/E3 multi-seed discipline. E4 open hypothesis resolved negative for winner market. No prod code changed (quantile cols already in materializer, excluded); harness scripts/auto/a9_run.py kept.
2026-07-11	A11	c0e5ad7	0.6299	0.6267	+36.93	[+12.06,+68.89]	109	FAILED	A7 boundary sweep {3,5,8,12} @edge>10% fixed, BOTH slices, pre-committed dual-slice bar (challenger must beat b5 on >=$50k AND >=$100k ROI by >2pp AND keep >=$50k CI_lo>0). Row = incumbent b5 (the standing rule; reproduces A7 exactly: >=$50k 109 bets +36.93 [+12.06,+68.89], >=$100k 72 bets +35.86 [-0.99,+80.58]). >=$50k ROI monotone-DECREASING in boundary (b3 +40.96/b5 +36.93/b8 +31.39/b12 +27.73); >=$100k ROI PEAKS at b5 (+35.86; b3 +32.56 WORSE -3.30pp & CI reopens across 0 [-6.59,+83.70]). Only b3 beats b5 on >=$50k (+4.03pp) by over-filtering (n 168->90) but loses >=$100k -> no challenger clears dual-slice bar -> boundary 5 CONFIRMED robust (>=$100k optimum). Win rate flat ~54-56pct across all boundaries = pnl-mix not discrimination. Betting-layer null, LL unchanged 0.6299. No production code changed (A7 rule stands); analysis harness scripts/auto/a11_boundary_sweep.py kept (cf A9).
2026-07-11	A14	0e1bbb0	(sim-gate)	(sim-gate)	(sim-gate)	(sim-gate)	(sim-gate)	LANDED	per-over (20x6) vector-scaling ball calibrator vs single-vector (E5 v1); A8 follow-up. Sim gate pair, paired Brier/MAE (over - vec) cluster-boot by match, n=261x100 seed42, baseline models/auto/a8/detail_vec_n261.json. GATE1 single-over prop improvement: team_first_over_mae dMAE -0.022 CI [-0.038,-0.006] (CI EXCLUDES 0 = real, above-noise; vec MAE 3.535 -> over 3.513) -> IMPROVED; highest_over_runs_18.5 -0.0000 / 24.5 -0.0001 both flat. GATE2 guard top_bowler+bowler_wkts no-regress: top_bowler +0.0003 [-0.0003,+0.0008], bowler_wkts_1/2/3plus +0.0001/+0.0009/+0.0003 all CIs include 0 -> HELD (no sig regression). Both gate conditions met -> LANDED. Vindicates hypothesis: A8's 3-phase bucket was null on team_first_over_mae (+0.003) because over0 lumped with overs1-5; per-over resolution recovers first-over correction (over0 vector six/wkt x1.23). Pooled tail dBrier +0.0002 [-0.0005,+0.0009] noise (A8 multi-over-aggregate washout reproduces). global fallback==v1 exactly. Kept 0e1bbb0; sim engine edit (not eval framework); default v1 path byte-unchanged. Artifact models/auto/a14/over_vector_calibrator.pkl (gitignored, reproducible via a14_fit_over_calibrator.py).
2026-07-11	A12	834909c	(sim-gate)	(sim-gate)	(sim-gate)	(sim-gate)	(sim-gate)	FAILED	dew-conditional 2nd-innings vector-scaling ball calibrator (centered sqrt(v_high/v_low) tilt, split at median evening RH 68%; innings-1/no-coverage path == E5 v1 exactly; 96.6% inn-2 coverage). A6 follow-up. Sim gate pair, paired Brier/MAE (dew - vec) cluster-boot by match n=261x100 seed42, baseline models/auto/a8/detail_vec_n261.json. Pairing sanity: n_chg~=half n_all on every inn-2 family (only inn-2 obs differ -> valid). GATE1 (2nd-inns scoring+wicket, want DOWN CI<0): pooled dBrier -0.0003 CI [-0.0013,+0.0006] INCLUDES 0 -> NOT improved (scoring +0.0003 [-0.0015,+0.0021]; wicket/econ -0.0004 [-0.0014,+0.0005], both directionless). GATE2 guard: top_bowler +0.0003 CI [+0.0001,+0.0005] EXCLUDES 0 = tiny regression; team_total_fours_mae +0.000 [-0.010,+0.010] held. Neither gate satisfied -> FAILED. Dew signal weak: max|tilt-1|=0.066 (wicket hi/lo 1.066), all other classes <2%; applied per-ball tilt <=3.3% mostly <1% -> below A8 washout threshold (A8's 3-7% tilts already netted 0 on aggregated props). 3rd dew negative (A6 match-level + A12 ball-level). Reverted eabd701; default path byte-unchanged; harness scripts/auto/a12_*.py + models/auto/a12/ scratch kept (gitignored/untracked).
2026-07-11	A15	d6202e0	(sim-gate)	(sim-gate)	(sim-gate)	(sim-gate)	(sim-gate)	LANDED	over-0-only (2-vector: over0+global) vs A14's 20-vector; sim gate pair, paired Brier/MAE (over0-vec) cluster-boot by match n=261x100 seed42, baseline models/auto/a8/detail_vec_n261.json. Fit byte-identical to A14: over0 vec + global==v1, all max abs diff 0 -> A15 only drops overs 1-19 to global (isolates the parsimony Q exactly). GATE1 team_first_over_mae dMAE -0.018 CI [-0.032,-0.003] EXCLUDES 0 (vec 3.535 -> over0 3.517); statistically indistinguishable from A14 -0.022 [-0.038,-0.006] (CIs overlap) -> first-over gain RETAINED by over0 alone -> IMPROVED. GATE2 guards top_bowler +0.0000 [-0.0003,+0.0003], bowler_wkts 1/2/3plus -0.0002/-0.0003/-0.0002 all CIs incl 0 -> HELD (no regress). Both gate conds -> LANDED. Direct A15-vs-A14 cross-check: team_first_over_mae dMAE +0.004 [-0.004,+0.011] noise (first over IDENTICAL); A15 marginally cleaner on pooled tail -0.0007 [-0.0014,-0.0000] = A14's 19 extra per-over vectors slightly overfit. Parsimony confirmed: 10x fewer params (2 vs 20), full gain retained, no guard regress. A15 = recommended minimal first-over calibrator (supersedes A14 20-vector for that purpose); A14 stays LANDED. Secondary: pp_total_ou_45_5 -0.0037 [-0.0063,-0.0010] also improves from fixing over0. Kept d6202e0; artifact models/auto/a15/over0_calibrator.pkl (gitignored, reproducible via a15_fit_over0_calibrator.py). default vector path byte-unchanged; sim engine wiring from A14 unchanged. NB: A10 skipped this iter as infeasible-in-budget (sim-P(win) as training feature needs train-set sim envelope for 7912+525 matches ~22h; only 261-match test envelope exists).
2026-07-11	A16	ac3cec9	(sim-gate)	(sim-gate)	(sim-gate)	(sim-gate)	(sim-gate)	FAILED	sparse regime-change-over calibrator {0,6,15} (4 effective vectors) vs A15's over-0-only (2 vectors); A15 extension. Sim gate pair, paired Brier/MAE cluster-boot by match n=261x100 seed42, baselines models/auto/a8/detail_vec_n261.json (single-vector) + models/auto/a15/detail_over0_n261.json (over-0). Fit byte-identical: global==v1 (max diff 0), over0+global==A15, overs{0,6,15}==A14. Pre-run divergences vs global: over0 0.230 (wkt x1.23), over6 0.138 (wkt x1.14), over15 0.078 (four x1.08) -- all above the ~0.05 A8/A12 washout threshold. GATE1 (INCREMENTAL A16-vs-A15: do overs 6&15 add a real gain BEYOND over-0?): of 10 death/middle/pp families only 2 cross significance -- highest_over_runs_24_5 -0.0008 [-0.0018,-0.0000] and pp_total_55_5 -0.0009 [-0.0017,-0.0000] -- BOTH with CI upper bound AT the noise boundary (-0.0000), consistent with multiple-comparisons chance (10 families @95%). pp_total_55_5 is a POWERPLAY prop (overs 0-5) that overs 6&15 cannot mechanically move -> its marginal significance is downstream MC noise, confirming the crossings are noise not signal. No clean above-noise incremental gain like A15's over-0 win (team_first_over_mae -0.018, ~20-25x bigger, CI well clear of 0) -> GATE1 NOT met. GATE2 guards HELD (vs vec: top_bowler -0.0001 [-0.0004,+0.0003], bowler_wkts 1/2/3plus -0.0005/-0.0005/-0.0000 CIs incl 0; team_first_over_mae -0.018 retained; incremental vs A15: all guards ~noise, first-over dMAE -0.000). Zero improvements -> FAILED (idea pre-committed: no incremental lift -> FAILED). A16 strictly dominated by simpler A15 = A15 + 2 inert vectors. Reproduces A8/A12 aggregation-washout: overs 6&15 marginal divergences exceed ~0.05 but wash out on multi-over props; A15 over-0 is the exception because team_first_over_mae is a SINGLE-over prop (no aggregation). No fixed-over prop isolates over 6 or 15. Reverted 27e99c6; sim engine + default vector path byte-unchanged (calibrator loads only via runtime --ball-calibrator-path); models/auto/a16/ scratch + scripts/auto/a16_gate_analysis.py kept (gitignored/untracked). Per-over linear scaling exhausted at over 0; pivot to A13 dispersion lever (orthogonal, still PENDING).
2026-07-12	B1	112c59e	(sim-gate)	(sim-gate)	(sim-gate)	(sim-gate)	(sim-gate)	TABLED	venue-encoder fix for XGB sim wrapper (venue_encoded=0 -> real training codes on every sim ball; 467 venues, 261/261 test venues covered; encoder rebuild proven training-exact by byte-matching refit batter/bowler encoders vs saved artifacts). Sim gate pair, paired Brier/MAE (b1 - vec) cluster-boot by match, n=261x100 seed42, baseline models/auto/a8/detail_vec_n261.json; startup log confirms venue encoder ACTIVE (467 venues). GATE1 (pre-committed PRIMARY = pooled dBrier over 8 venue-sensitive binary lines pp_total/innings_runs/match_total_sixes): -0.0025 CI [-0.0074,+0.0024] STRADDLES 0 -> NOT met (direction favorable, 6/8 lines down in point estimate; pp_total_ou_50_5 alone -0.0084 [-0.0153,-0.0017]; venue-MAE non-regress held: fours -0.020 [-0.081,+0.043], sixes +0.003 [-0.058,+0.062]). GATE2 guards HELD: top_bowler +0.0004 [-0.0003,+0.0010], bowler_wkts_1plus IMPROVED -0.0044 [-0.0071,-0.0016], 2/3plus noise, team_first_over_mae +0.012 [-0.031,+0.055], batter_runs_mae IMPROVED -0.175 [-0.298,-0.048]. Exactly one gate satisfied -> TABLED per pre-committed mapping in b1_gate_analysis.py (230427a, committed before eval). Off-gate scan ONE-SIDED positive: 0 families significantly worse anywhere, ~9 significantly better, concentrated at BATTER level (batter_runs_mae -0.175 = E2's validated continuous skill; batter_50plus -0.0023, batter_fours_1plus -0.0042 / 3plus -0.0035, batter_fours_mae -0.020, highest_over_runs_18_5 -0.0151, team_highest_individual 29_5 -0.0025 / 34_5 -0.0051) -> gate targeted the wrong families; venue codes sharpen per-batter forecasts, team-total lines wash out per-ball corrections (A8/A12/A16 aggregation pattern). Reverted c37f1b0 (default sim path was byte-unchanged anyway - encoder loaded only via models/auto/b1/ sidecar); gate script + models/auto/b1/ scratch kept. Follow-up appended as B6: re-gate on batter_runs_mae primary @ fresh seed 43 (venue-on vs venue-blind both fresh). Prior iteration implemented + pre-committed gate but was wall-clock-killed at eval startup; this iteration re-ran the eval (2198.6s) + verdict.
