batter_id,batter_name,RAA,balls_faced,RAA_per_ball,VORP,WAR,WAR_per_ball
b5797845,Priyansh Arya,120.30541424087218,317,0.37951234776300374,201.88052581981955,1.880232148829464,0.005931331699777489
271f83cd,SA Yadav,86.60236416308373,443,0.19549066402501972,200.6016525841364,1.868321249735833,0.004217429457642964
85ec8e33,SS Iyer,89.81104605625104,360,0.24947512793403068,182.45155131940896,1.6992786748571198,0.004720218541269777
9418198b,P Simran Singh,72.51110542964855,376,0.1928486846533206,169.26896648228012,1.5765015039795112,0.004192823148881679
f29185a1,Abhishek Sharma,93.89522071370442,242,0.38799677980869596,156.1702270294939,1.4545052345114453,0.006010352208724981
3241e3fd,N Pooran,77.21950625508184,295,0.2617610381528198,153.1332536235029,1.4262201138446762,0.004834644453710767
3d8feaf8,MR Marsh,38.78843004879041,410,0.09460592694826929,144.29567215405356,1.3439105164762368,0.0032778305279908214
3d284ca3,PD Salt,80.37940360357698,241,0.33352449628040237,142.39707518252436,1.3262277655073518,0.005503019773889426
6c19c6e5,YBK Jaiswal,42.72914901616842,360,0.11869208060046783,135.3696542793263,1.2607772588183506,0.003502159052273196
d5130a30,B Sai Sudharsan,3.2994582478129173,509,0.006482236243247382,134.2828393004445,1.2506551113015227,0.002457082733401813
235c2bb6,H Klaasen,56.37092655894149,294,0.1917378454385765,132.02733919052045,1.2296483113581116,0.004182477249517386
b17e2f24,KL Rahul,28.701963655084757,376,0.0763350097209701,125.45982470771634,1.1684811838289684,0.003107662722949384
b2b4f545,A Mhatre,75.57855765351265,137,0.5516683040402383,110.83341660088107,1.0322568371135425,0.007534721438784982
6a26221c,AK Markram,24.644046281179257,315,0.07823506755929922,105.70448838644242,0.9844881101466184,0.003125359079830535
e66732f8,RD Rickelton,35.97642034894153,266,0.13524970055993057,104.42746034894154,0.9725943964696054,0.00365636991153987
ba607b88,V Kohli,-18.53016494405254,470,-0.039425882859686255,102.41716137173694,0.9538712989823688,0.0020295134020901465
b4b99816,Shubman Gill,-11.833951344934963,435,-0.027204485850425203,100.10665918138083,0.9323522322937583,0.0021433384650431223
470f446b,V Suryavanshi,66.08336223089636,129,0.5122741258209019,99.27954328352794,0.9246488151581256,0.007167820272543609
04a418e8,R Parag,30.50866655215268,248,0.12301881674255112,94.32768128899478,0.8785292101051949,0.0035424564923596568
844e79d1,D Brevis,59.93765318577036,132,0.45407313019523,93.90583844892825,0.8746003394703199,0.006625760147502423
99b75528,JC Buttler,5.66083856816881,337,0.01679774055836442,92.38264488395829,0.8604139413612581,0.0025531570960274723
26989d80,Shashank Singh,30.626085958253498,238,0.1286810334380399,91.87175332667456,0.8556557076154844,0.003595192048804556
12b610c2,TM Head,27.741562061046384,248,0.11186113734292896,91.56057679788849,0.852757537467528,0.003438538457530355
fffa744b,Naman Dhir,52.87249254462212,142,0.3723414967931135,89.41402517620108,0.8327654389140456,0.00586454534446511
d1a60072,N Wadhera,7.711026425995566,261,0.02954416255170715,74.87539274178505,0.6973585986940957,0.0026718720256478762
989889ff,JP Inglis,27.02252601014554,177,0.15266963847539852,72.57077443119817,0.6758943320405902,0.0038186120454270635
752f7486,Ishan Kishan,8.834406244265463,246,0.03591222050514416,72.13875150742336,0.6718706482948995,0.002731181497133738
800d2d97,JM Sharma,30.62482476966566,155,0.19757951464300427,70.51170898019198,0.6567170436825183,0.004236884152790441
9d430b40,SP Narine,28.260701501584602,160,0.17662938438490378,69.43425939632145,0.6466821216012056,0.004041763260007535
740742ef,RG Sharma,-8.689697907564156,298,-0.029160060092497168,67.99605367138322,0.6332872652638839,0.002125125051221087
ad3b6e95,Abishek Porel,12.06895921453183,217,0.055617323569271106,67.91059710926868,0.6324913580075316,0.0029147067189287173
d9273ee7,MP Stoinis,44.29019874722449,91,0.4867054807387306,67.70765979985606,0.6306012834111582,0.00692968443308965
bcf325d2,Dhruv Jurel,11.305013514434528,219,0.051621066275956744,67.66132088285559,0.6301697018054911,0.002877487222856124
a3b0600d,Aniket Verma,28.430062131056793,148,0.1920950143990324,66.51560318368837,0.619498958588883,0.00418580377424921
944533a5,KK Nair,32.363506876561395,130,0.2489500528966261,65.81702266603509,0.6129926670954184,0.004715328208426296
85b3fab2,T Stubbs,10.975229717114466,203,0.0540651710202683,63.21418129606184,0.5887508735779252,0.002900250608758252
29e95537,AM Rahane,-8.099716993253278,275,-0.029453516339102828,62.66733563832567,0.5836577781347273,0.0021223919204899173
a4cc73aa,SV Samson,5.606617629339193,214,0.026199147800650434,60.67625131354972,0.5651136380138746,0.0026407179346442738
f1f99156,TH David,32.504474479811236,107,0.30378013532533865,60.0392913219165,0.5591812547444956,0.005225993034995286
ba5e1069,R Ravindra,16.682853537400746,152,0.10975561537763649,55.797733537400745,0.5196771308317104,0.0034189284923138844
a4e37e47,S Dube,-19.554381602809052,289,-0.06766222007892406,54.81535734455938,0.5105276831941825,0.001766531775758417
2e171977,AR Patel,9.238108675360069,176,0.05248925383727312,54.5290223595706,0.5078608769634962,0.0028855731645653195
872b03f7,A Badoni,-6.348619032570676,235,-0.02701540013859862,54.12504412532407,0.5040983899164019,0.002145099531559157
fb2d1dda,N Rana,17.05878997102572,143,0.11929223755962043,53.857657339446774,0.5016080594155422,0.003507748667241554
9caf69a1,WG Jacks,6.500649442317156,181,0.035915190289045065,53.07823681073821,0.4943488573226992,0.002731209156479001
b0482a1d,Tilak Varma,-14.540292917375538,259,-0.05614012709411405,52.10940392472973,0.4853255464722896,0.001873843808773319
0a509d6b,RK Singh,15.892076783855423,139,0.11433148765363614,51.66160520490806,0.48115493345355365,0.0034615462838385154
fe93fd9d,RA Jadeja,-11.872824761741546,233,-0.05095632944953453,48.086168922468985,0.44785479111920445,0.0019221235670352122
5ffc0565,V Nigam,26.904809568619424,82,0.32810743376365153,48.00625798967206,0.4471105335724323,0.005452567482590638
c740ea83,RM Patidar,-12.31554597661362,229,-0.053779676753771266,46.61410876022849,0.4341446284830818,0.001895828071978523
d7017798,A Raghuvanshi,-9.886804095326337,217,-0.045561309195052246,45.95483379941051,0.42800441277275314,0.0019723705657730558
84d9c311,Ashutosh Sharma,7.589580918648959,142,0.053447752948232105,44.13111355022791,0.41101903278595425,0.0028945002308870017
7dcb9bc9,M Shahrukh Khan,16.311648319314102,104,0.15684277230109714,43.074460950893055,0.40117780526118146,0.0038574788967421295
c5aef772,R Shepherd,35.84327177513738,25,1.4337308710054952,42.276640196190016,0.3937472310346467,0.01574988924138587
45a43fe2,RD Gaikwad,19.828468615667663,82,0.2418105928739959,40.9299170367203,0.38120440566937036,0.004648834215480126
8e514b4c,Abdul Samad,10.603977125554264,98,0.10820384821994147,35.82278133608058,0.3336386452089092,0.0034044759715194813
f89d3b11,Sameer Rizvi,13.126678625740858,83,0.15815275452699828,34.4854617836356,0.3211834011701183,0.0038696795321700997
ded9240e,PJ Cummins,19.299631940460962,58,0.3327522748355338,34.22504667730307,0.31875800202387133,0.0054958276211012295
bbd41817,AD Russell,4.939406213717046,111,0.04449915507853194,33.50356200319074,0.31203839064162,0.002811156672447027
dbe50b21,HH Pandya,-4.737998836234981,148,-0.032013505650236355,33.347542216396604,0.3105852865455584,0.002098549233415935
6b2ff18f,SB Dubey,15.367498212546565,66,0.2328408820082813,32.35159084412551,0.30130940527266004,0.0045652940192827274
0994d0ae,V Shankar,5.837715465662841,95,0.061449636480661485,30.284515465662842,0.282057515746138,0.002969026481538295
cf59b3f0,Urvil Patel,21.09929928801818,34,0.6205676261181817,29.84868034064976,0.2779983267267371,0.008176421374315797
e94915e6,SM Curran,6.9271095237031295,88,0.07871715367844466,29.572566365808395,0.2754267147788805,0.003129849031578187
919a3be2,RR Pant,-27.097357327404183,217,-0.12487261441200084,28.744280567332666,0.26771240167023064,0.00123369770354945
2c25d4f5,D Padikkal,-17.008577272954188,175,-0.09719187013116679,28.025001674414238,0.2610133340263969,0.0014915047658651253
4a8a2e3b,MS Dhoni,-14.119184807012719,154,-0.09168301822735532,25.510364666671496,0.2375930396448868,0.001542811945746018
abb83e27,JM Bairstow,12.213788268595023,49,0.2492609850733678,24.823190373858182,0.2311929810362129,0.004718224102779855
00ea847a,MA Agarwal,7.52738873548267,65,0.11580598054588723,24.254146630219513,0.2258931417548618,0.003475279103920951
48a1d7b7,SO Hetmyer,-25.61200495169964,182,-0.1407253019324156,21.22291715356352,0.19766151768243942,0.0010860522949584584
df5a6881,DP Conway,-11.792296449228527,125,-0.09433837159382821,20.37454565603463,0.18976013463755825,0.001518081077100466
3c55c703,JG Bethell,9.40971313911358,39,0.24127469587470715,19.445767875955685,0.181109880562128,0.004643843091336615
372455c4,Q de Kock,-13.871820802643507,123,-0.11277903091580087,17.780351828935444,0.16559888077615204,0.0013463323640337565
93b4fc78,MK Pandey,-0.24526226295087306,67,-0.0036606307903115382,16.99616510547018,0.15829528830651188,0.0023626162433807744
a24be938,VR Iyer,-10.644031220458444,107,-0.09947692729400415,16.89078562164682,0.15731382715513476,0.0014702226836928482
172dff15,C Bosch,6.500918693792658,32,0.20315370918102058,14.735630272740028,0.13724159702654398,0.0042887999070794994
0bacade8,Rahmanullah Gurbaz,-0.27525962313884045,55,-0.00500472042070619,13.87815090317695,0.12925538700919204,0.002350097945621673
08548b13,PHKD Mendis,-5.235466556225815,72,-0.0727148132809141,13.292634496405764,0.12380212812150287,0.00171947400168754
5574750c,JC Archer,0.09982625736116213,51,0.0019573775953169044,13.22389783630853,0.12316194315272916,0.002414940061818219
50c6bc2b,LS Livingstone,-10.094173377098876,90,-0.11215748196776529,13.0659529386906,0.12169090936658843,0.0013521212151843159
23eeb873,DL Chahar,6.205723754088913,25,0.2482289501635565,12.639092175141545,0.11771530385714395,0.004708612154285758
39a2dfa8,R Tewatia,-3.607453771105552,63,-0.057261170969929394,12.604634649947082,0.11739438064587018,0.0018634028673947649
3355b542,F du Plessis,-33.831926059989414,179,-0.18900517351949392,12.230991834747435,0.11391442520953185,0.0006363934369247589
8f6dd463,Azmatullah Omarzai,-0.9870742369753192,43,-0.022955214813379515,10.078319447235208,0.09386532036169513,0.002182914427016166
f19ccfad,Washington Sundar,-11.91552937215605,85,-0.14018269849595352,9.9579232594229,0.09274399980835335,0.0010911058800982746
5b8c830e,KH Pandya,-14.228824080747849,89,-0.15987442787357134,8.67396749819952,0.0807857641631696,0.0009077052153165123
cbf58a86,SK Rasheed,-8.88404102276776,67,-0.13259762720548895,8.357386345653293,0.07783725757337517,0.0011617501130354504
59559bc2,J Overton,4.682237676533089,7,0.6688910966475842,6.483580834427826,0.06038540406470919,0.008626486294958456
5d1e7582,BKG Mendis,3.1732588078357202,11,0.2884780734396109,6.003940913098878,0.05591823519697195,0.00508347592699745
be24ead0,Ramandeep Singh,-3.3748226043433185,36,-0.09374507234286995,5.889227921972472,0.05484984559907303,0.001523606822196473
3204c99f,G Coetzee,2.7301271275565617,11,0.2481933752324147,5.56080923281972,0.05179108906416802,0.004708280824015274
107c26fb,KT Maphaka,4.091330772040337,3,1.3637769240134456,4.863334982566652,0.045295100890068475,0.015098366963356159
495d42a5,R Ashwin,-2.866222226561404,30,-0.09554074088538013,4.853819878701755,0.04520648112789191,0.0015068827042630636
3c28853f,Sediqullah Atal,0.6971588827116557,16,0.04357243016947848,4.81451467218534,0.04484040860748198,0.0028025255379676237
eef2536f,Avesh Khan,0.6663099684069037,14,0.047593569171921694,4.268996284196378,0.039759674808572024,0.002839976772040859
0a67aec0,Akash Deep,3.4979127030022763,2,1.7489563515011382,4.012582176686487,0.03737153931905082,0.01868576965952541
e4a0deae,MJ Santner,-4.896757095967957,34,-0.14402226752846933,3.8526239566636233,0.03588175427646105,0.0010553457140135604
77255a9e,RA Tripathi,-11.314167512681164,57,-0.19849416688914323,3.353912487318837,0.031236960857956943,0.0005480168571571393
35f173a0,MP Breetzke,0.18979596226658457,12,0.01581633018888205,3.277812804371848,0.030528199724055585,0.0025440166436712986
1ac746c8,Atharva Taide,0.3801218565438078,11,0.03455653241307344,3.210803961806966,0.02990410693682561,0.0027185551760750552
c05edf8e,Harpreet Brar,-0.3122374934845039,13,-0.024018268729577224,3.0331140854628647,0.028249176543381434,0.0021730135802601105
ba6b2f91,RA Bawa,1.8751523380461261,4,0.46878808451153153,2.9044912854145473,0.027051236708713303,0.006762809177178326
2f9d0389,LH Ferguson,2.5150546680865062,1,2.5150546680865062,2.7723894049286115,0.02582089415040152,0.02582089415040152
8d2c70ad,Kuldeep Yadav,-1.658267029780867,16,-0.10364168936130419,2.4590887596928175,0.02290294085585189,0.001431433803490743
77b1aa15,Harshit Rana,-12.17142295511677,54,-0.2253967213910513,1.724652834356915,0.016062706848811725,0.00029745753423725415
fcc21ace,A Kamboj,-1.8933516693171628,13,-0.14564243610132022,1.4519999096302059,0.013523329697589697,0.0010402561305838229
3b53243a,XC Bartlett,-2.763701719750745,15,-0.18424678131671632,1.0963193328808343,0.010210667159176998,0.0006807111439451331
ce820073,Sandeep Sharma,-0.8338163597829514,6,-0.13896939329715857,0.7101920612696803,0.006614436632855362,0.0011024061054758936
5f547c8b,Rashid Khan,-7.5251778666462155,32,-0.23516180833269423,0.7095337123011536,0.006608305041456213,0.00020650953254550665
aad0c365,Nithish Kumar Reddy,-40.88370117665142,161,-0.2539360321531144,0.5471914549275283,0.005096316055951646,3.1654136993488485e-05
c27b5a0e,PVSN Raju,-0.08024947114420682,1,-0.08024947114420682,0.17708526569789845,0.001649299298667211,0.001649299298667211
5b7ab5a9,CV Varun,-0.23431728058418175,1,-0.23431728058418175,0.023017456257923535,0.0002143751164936531,0.0002143751164936531
119678fd,KV Sharma,-0.2841031751561517,1,-0.2841031751561517,-0.026768438314046406,-0.0002493102199315116,-0.0002493102199315116
e9c7f0d0,Fazalhaq Farooqi,-0.5807888481395856,2,-0.2903944240697928,-0.06611937445537508,-0.0006158086472513279,-0.00030790432362566393
8cf9814c,Mohammed Shami,-2.957938100272527,11,-0.2689034636611388,-0.12725599500936902,-0.0011852099749405701,-0.00010774636135823364
f6d8a7ab,K Kartikeya,-1.5212785416916093,5,-0.30425570833832183,-0.23460485748108284,-0.002185013108699663,-0.00043700262173993257
03806cf8,JR Hazlewood,-0.6480449944119427,1,-0.6480449944119427,-0.39071025756983746,-0.0036389145717596856,-0.0036389145717596856
fb5f69e4,M Tiwari,-1.455392634654709,4,-0.36384815866367726,-0.4260536872862879,-0.003968088733224251,-0.0009920221833060628
a2f46292,KK Ahmed,-0.9905156508728336,2,-0.4952578254364168,-0.475846177188623,-0.004431835495842628,-0.002215917747921314
1abb78f8,SN Thakur,-4.523351661056477,15,-0.30155677740376513,-0.6633306084248978,-0.006177988343344489,-0.00041186588955629926
83c3e8e3,SH Johnson,-1.714724630490346,4,-0.4286811576225865,-0.6853856831219249,-0.0063834002339752715,-0.0015958500584938179
462411b3,JJ Bumrah,-1.021425680295758,1,-1.021425680295758,-0.7640909434536527,-0.007116428643509851,-0.007116428643509851
0a8fce53,Mustafizur Rahman,-1.0570408298076863,1,-1.0570408298076863,-0.799706092965581,-0.007448133491343774,-0.007448133491343774
4bd09374,Akash Madhwal,-3.141796882089875,9,-0.34908854245443055,-0.8257842505109276,-0.00769101472022844,-0.0008545571911364933
2f49c897,Mohammed Siraj,-2.506201359362873,5,-0.5012402718725746,-1.2195276751523467,-0.011358178962022415,-0.002271635792404483
e4cdf230,AS Roy,-1.5105063593178178,1,-1.5105063593178178,-1.2531716224757126,-0.01167152484377119,-0.01167152484377119
46a9bea1,TU Deshpande,-3.7436349312367057,9,-0.41595943680407843,-1.427622299657758,-0.01329628666906732,-0.0014773651854519244
d621b427,Musheer Khan,-2.2351907853844377,3,-0.7450635951281459,-1.4631865748581219,-0.013627517694496804,-0.004542505898165601
f2c936d7,MJ Owen,-2.0005842849702766,2,-1.0002921424851383,-1.485914811286066,-0.013839199136500568,-0.006919599568250284
e96801ea,MS Bhandage,-2.552656280938191,4,-0.6381640702345478,-1.52331733356977,-0.014187550838872777,-0.0035468877097181942
f834dcfc,L Ngidi,-2.072124759091883,2,-1.0360623795459416,-1.5574552854076726,-0.014505497675399763,-0.0072527488376998815
f9e6e7ef,Shahbaz Ahmed,-3.6249042743885527,8,-0.4531130342985691,-1.5662263796517104,-0.014587188038108507,-0.0018233985047635634
a818c1be,TA Boult,-2.6130461167761,4,-0.653261529194025,-1.583707169407679,-0.014749996920999152,-0.003687499230249788
e62dd25d,K Rabada,-4.1263281220704675,9,-0.4584809024522742,-1.81031549049152,-0.01686053358006445,-0.0018733926200071608
759ac88f,MM Sharma,-2.681155881854029,3,-0.8937186272846763,-1.909151671327713,-0.01778105309982037,-0.005927017699940123
13fc5c6d,DS Rathi,-3.4442819812010628,4,-0.8610704953002657,-2.4149430338326416,-0.02249178573002367,-0.0056229464325059176
81c36ee9,M Jansen,-19.310030202922764,65,-0.29707738773727327,-2.583272308185922,-0.024059535328172878,-0.00037014669735650584
7210d461,Yash Dayal,-4.830762919843957,8,-0.6038453649804946,-2.7720850251071143,-0.025818059281988583,-0.003227257410248573
c96f6ac5,PWA Mulder,-5.884340293582512,12,-0.490361691131876,-2.7963234514772486,-0.026043806011709494,-0.002170317167642458
df064e1a,Ravi Bishnoi,-6.950295596557034,16,-0.4343934747848146,-2.832939807083349,-0.02638483568113392,-0.00164905223007087
73ad96ed,DJ Hooda,-13.943850255837017,43,-0.3242755873450469,-2.87845657162649,-0.026808760097108038,-0.0006234595371420473
f0af99a7,D Ferreira,-3.8789340100981207,3,-1.2929780033660403,-3.106929799571805,-0.02893666573131978,-0.00964555524377326
327b58d3,PVD Chameera,-6.7645611133119345,14,-0.4831829366651382,-3.1618747975224606,-0.02944840083377536,-0.002103457202412526
244048f6,Arshdeep Singh,-5.00732647862942,6,-0.8345544131049033,-3.463318057576788,-0.03225591932175457,-0.005375986553625762
68c56d09,KA Jamieson,-4.821958867456674,5,-0.9643917734913348,-3.5352851832461476,-0.03292619151761337,-0.006585238303522674
c7a995d3,R Sai Kishore,-6.179814917998194,10,-0.6179814917998194,-3.6064675495771414,-0.03358915478790296,-0.003358915478790296
d014d5ac,SE Rutherford,-55.85198924407318,203,-0.2751329519412472,-3.613037665125809,-0.033650346140689284,-0.00016576525192457775
12314277,Arshad Khan,-15.455934460272578,46,-0.33599857522331694,-3.618536565535736,-0.033701560636450925,-0.0007326426225315419
e3851766,KS Rathore,-5.193482974259463,5,-1.0386965948518925,-3.9068092900489364,-0.03638641417573751,-0.007277282835147501
30df8c66,Simarjeet Singh,-5.976859067493521,7,-0.8538370096419315,-4.175515909598785,-0.03888903706434558,-0.0055555767234779395
650d5e49,R Powell,-6.103971643138358,7,-0.8719959490197654,-4.302628485243622,-0.040072911290338284,-0.005724701612905469
7c3b3b78,VG Arora,-6.60807670747082,8,-0.8260095884338525,-4.549398812733978,-0.04237122858092556,-0.005296403572615695
d67d5f00,DA Miller,-36.7076989473758,124,-0.2960298302207726,-4.79819157895475,-0.04468838203366629,-0.0003603901776908572
9b6e1b3f,J Fraser-McGurk,-19.281812207483828,53,-0.36380777749969484,-5.643071154852247,-0.05255724275730881,-0.0009916460897605435
80b2fb19,Prince Yadav,-8.491939844328119,11,-0.7719945313025562,-5.661257739064961,-0.052726625119353276,-0.004793329556304843
970ddd24,Suryansh Shedge,-9.129754315660964,12,-0.7608128596384137,-6.041737473555701,-0.05627025680875199,-0.004689188067395999
a97c8ec2,PWH de Silva,-10.337747044129438,15,-0.6891831362752959,-6.477725991497859,-0.06033087446677712,-0.004022058297785141
3fb19989,MA Starc,-9.534001577287281,11,-0.8667274161170255,-6.703319472024123,-0.062431959318469996,-0.0056756326653154545
efc04be7,Noor Ahmad,-11.340316735464741,17,-0.6670774550273377,-6.965626209148951,-0.06487497633555882,-0.003816175078562283
f986ca1a,HV Patel,-14.504790367590651,27,-0.537214458058913,-7.556752472853809,-0.07038048312241603,-0.0026066845600894828
bafd0398,R Minz,-12.638144568490182,16,-0.7898840355306364,-8.520788779016497,-0.07935912060181147,-0.004959945037613217
0890552f,A Manohar,-24.91931576199386,62,-0.40192444777409453,-8.964562077783334,-0.0834922425052001,-0.0013466490726645177
2e81a32d,B Kumar,-16.02272450353983,26,-0.616258634751532,-9.332021345645092,-0.08691460692600439,-0.003342869497154015
bb351c23,MM Ali,-13.757360725571901,16,-0.8598350453482438,-9.640004936098217,-0.08978303936013986,-0.005611439960008741
b681e71e,GJ Maxwell,-24.548251915418366,54,-0.4545972576929327,-10.652176125944681,-0.09920998533989644,-0.001837221950738823
f24c6701,M Theekshana,-18.037403819482012,27,-0.6680519933141486,-11.08936592474517,-0.10328179123353981,-0.003825251527168141
