bowler_id,bowler_name,RAA,balls_bowled,RAA_per_ball,VORP,WAR,WAR_per_ball
462411b3,JJ Bumrah,102.87560100611084,289,0.35597093773740773,171.13563161835575,1.5938868549721126,0.0055151794289692475
8d2c70ad,Kuldeep Yadav,83.74210905713745,324,0.2584632995590662,160.2689253836681,1.4926788244730194,0.004607033408867344
85e0cf10,M Prasidh Krishna,59.081553192305165,364,0.1623119593195197,145.0561246208766,1.350993057845549,0.003711519389685574
5b7ab5a9,CV Varun,38.83788920132192,308,0.1260970428614348,111.58560348703622,1.0392623962655883,0.003374228559303858
efc04be7,Noor Ahmad,33.44630619304419,318,0.10517706350013895,108.55595925426869,1.0110455365024558,0.003179388479567471
9d430b40,SP Narine,43.43762879808333,275,0.1579550138112121,108.39094512461395,1.009508662797932,0.00367094059199248
244048f6,Arshdeep Singh,19.276094098499396,368,0.05238069048505271,106.19544103727492,0.9890606411220537,0.0026876647856577548
64839cb3,M Pathirana,33.442014052844684,292,0.1145274453864544,102.41062629774265,0.9538104339922012,0.0032664740890143876
13fc5c6d,DS Rathi,22.010462943956824,321,0.06856842038615833,97.82869763783438,0.9111362357998918,0.002838430641121158
f986ca1a,HV Patel,25.304263812759828,286,0.08847644689776164,92.85571279235167,0.8648199012047282,0.0030238458084081406
5574750c,JC Archer,17.274634036542857,292,0.05915970560459882,86.24324628144083,0.803234108982405,0.002750801743090428
5b8c830e,KH Pandya,16.997963686169225,283,0.060063475922859454,83.840831033108,0.7808590018916644,0.002759219087956411
ded9240e,PJ Cummins,8.024782984561963,312,0.025720458283852443,81.71727278048034,0.761081054116423,0.0024393623529372532
e4a0deae,MJ Santner,21.107794144520287,247,0.08545665645554772,79.44768189962232,0.7399430185305236,0.002995720722795642
ce820073,Sandeep Sharma,20.056560735200417,243,0.0825372869761334,77.45167298009838,0.7213530127605325,0.0029685309167100105
a818c1be,TA Boult,-9.829254791603077,357,-0.027532926587123464,74.49195949411121,0.6937874591982044,0.0019433822386504325
f24c6701,M Theekshana,10.167877624026538,271,0.03751984363109424,74.17641844035307,0.6908486396605483,0.0025492569729171524
2f49c897,Mohammed Siraj,-13.260352118896499,367,-0.03613174964276975,73.422800942328,0.6838297563782061,0.0018632963389051938
a97c8ec2,PWH de Silva,10.868022175291085,251,0.04329889312864974,70.15268544059721,0.6533732461637068,0.0026030806620068003
dbe50b21,HH Pandya,7.3924720119626715,229,0.03228153717014267,61.48086997114635,0.5726075251107977,0.002500469541968549
1e66c162,JD Unadkat,26.378635846240275,146,0.18067558798794708,60.862941968689256,0.5668523979574299,0.003882550670941301
5750bcb4,E Malinga,21.095323872319867,165,0.1278504477110295,60.067313668238235,0.5594422433476598,0.0033905590505918775
03806cf8,JR Hazlewood,-5.944464557014799,270,-0.022016535396351105,57.827882381760716,0.5385851018139212,0.001994759636347856
81c36ee9,M Jansen,-14.950029075970992,300,-0.04983343025323664,55.908134189335144,0.5207053570767919,0.0017356845235893064
7c3b3b78,VG Arora,-8.6660078036736,272,-0.03186032280762353,55.57872689020396,0.5176373930353354,0.0019030786508652036
5f547c8b,Rashid Khan,-24.64668435592547,336,-0.07335322724977818,54.71445850121739,0.5095879528845804,0.0015166308121564891
04a418e8,R Parag,23.798681958475775,128,0.185927202800592,54.03149828500639,0.503227142451396,0.003931462050401531
c7a995d3,R Sai Kishore,-9.392991025829666,262,-0.03585111078560941,52.489804892537684,0.48886844456121525,0.0018659100937450965
5ffc0565,V Nigam,-7.593686007871108,244,-0.03112166396668487,50.03762011457788,0.46602980455041326,0.001909958215370546
46a9bea1,TU Deshpande,-2.3519604706507735,212,-0.011094153163447045,47.72114157016556,0.4444550765592396,0.0020964862101850923
2e81a32d,B Kumar,-31.464196001769217,318,-0.09894401258417992,43.645457059455275,0.4064958280660825,0.001278288767503404
23eeb873,DL Chahar,-18.992318976247176,264,-0.07194060218275446,43.362864697222214,0.40386387908374977,0.0015297874207717795
7210d461,Yash Dayal,-30.242493461173453,305,-0.09915571626614247,41.79663919188778,0.3892766991886726,0.0012763170465202379
9440ef41,Suyash Sharma,-30.755839270119136,305,-0.10083881727907913,41.28329338294209,0.38449560755278095,0.001260641336238626
2e171977,AR Patel,-12.087353224823374,219,-0.055193393720654675,39.639105958850095,0.369182322425725,0.0016857640293412102
54e52590,Vijaykumar Vyshak,12.56776464515601,113,0.11121915615182311,39.25767280842132,0.3656298110125856,0.003235662044359165
2f9d0389,LH Ferguson,19.967376152905484,76,0.2627286335908616,37.91811084678304,0.3531536820972621,0.004646758974963975
77b1aa15,Harshit Rana,-28.126387546650847,276,-0.10190720125598132,37.063122657430796,0.3451906739073372,0.0012506908474903522
759ac88f,MM Sharma,-1.549017810714066,163,-0.00950317675284703,36.95058423010226,0.34414253730187444,0.0021113039098274505
eef2536f,Avesh Khan,-34.70375221173241,294,-0.1180399735092939,34.737247788267595,0.3235284324137803,0.001100436844944831
80b2fb19,Prince Yadav,0.0894215245801897,144,0.0006209828095846507,34.10133989192713,0.3176058479270479,0.0022055961661600547
2cffab74,Mukesh Kumar,-26.57651696033078,255,-0.10422163513855207,33.652921815179425,0.3134294664727524,0.0012291351626382446
fe93fd9d,RA Jadeja,-24.231996497062045,232,-0.10444826076319848,30.564983094774693,0.28466967583845293,0.0012270244648209178
57ee1fde,YS Chahal,-37.473020821682454,277,-0.13528166361618213,27.952683259950206,0.26033979007125085,0.0009398548378023497
12314277,Arshad Khan,-36.953573775271394,272,-0.13585872711496835,27.291160918606167,0.25417864318344197,0.0009344803058214779
c05edf8e,Harpreet Brar,-4.584375332476926,134,-0.03421175621251437,27.06560425935981,0.2520779012699991,0.0018811783676865607
9caf69a1,WG Jacks,5.5874697410226,90,0.06208299712247334,26.844918720614437,0.25002252696856136,0.0027780280774284596
0a8fce53,Mustafizur Rahman,9.804077364627599,66,0.1485466267367818,25.392873282994948,0.2364987732420131,0.0035833147460911075
4bd09374,Akash Madhwal,2.0858748010411423,97,0.0215038639282592,24.996680923490125,0.23280880062857523,0.0024000907281296413
36619795,Zeeshan Ansari,-25.017888029794324,209,-0.11970281353968576,24.34663237836894,0.2267545159576133,0.001084949837117767
1abb78f8,SN Thakur,-29.312901595171308,226,-0.12970310440341287,24.066914731359308,0.22414934089000008,0.0009918112428761066
fcc21ace,A Kamboj,-6.876762482414009,130,-0.05289817294164622,23.828441599218646,0.22192830026281685,0.0017071407712524374
b681e71e,GJ Maxwell,1.3477430373013797,82,0.016435890698797313,20.715640996485057,0.19293695628653307,0.002352889710811379
3fb19989,MA Starc,-37.88874650398969,245,-0.1546479449142436,19.978753496010313,0.18607388931741,0.0007594852625200408
ee1b6c27,N Thushara,13.22851318177483,26,0.5087889685298012,19.36955399810136,0.180400055863848,0.006938463687071077
fffa744b,Naman Dhir,10.40243838657876,24,0.433434932774115,16.07109144780325,0.1496795329030758,0.0062366472042948255
172dff15,C Bosch,4.9793475297018075,45,0.11065216732670684,15.608072019497726,0.14536716046845233,0.003230381343743385
f19ccfad,Washington Sundar,-0.35294013709619787,67,-0.00526776324024176,15.47204965882217,0.14410030417083142,0.002150750808519872
8f6dd463,Azmatullah Omarzai,-26.690320775658734,169,-0.15793089216366116,13.226444530463716,0.12318566201419126,0.0007289092426875222
aad0c365,Nithish Kumar Reddy,5.168689883767973,34,0.15202029069905804,13.199281720502668,0.12293267877901339,0.003615667022912158
68c56d09,KA Jamieson,-9.801860187843868,94,-0.10427510838131775,12.400364301952052,0.11549189067665132,0.0012286371348579927
bb351c23,MM Ali,-11.041992274558355,99,-0.11153527550058945,12.341201602992667,0.11494087364247617,0.0011610189256815774
e4cdf230,AS Roy,5.574053533301088,25,0.2229621413320435,11.4789004720766,0.10690975572391356,0.004276390228956543
327b58d3,PVD Chameera,-15.515313747503665,111,-0.13977760132886186,10.702206660659602,0.09967594915394991,0.0008979815239094586
495d42a5,R Ashwin,-35.81374341065766,189,-0.18949070587649555,8.8268994464852,0.08221010940192977,0.0004349741238197342
b483905d,Akash Singh,-8.0471052345689,67,-0.12010604827714776,7.7778845613494685,0.07244001640448419,0.001081194274693794
3204c99f,G Coetzee,-10.384480736163534,76,-0.1366379044232044,7.56625395771402,0.0704689760427868,0.0009272233689840369
d45c29b1,Ashwani Kumar,-24.197736328455147,132,-0.1833161843064784,6.979855508279549,0.06500750217266972,0.0004924810770656797
c5aef772,R Shepherd,-14.407744034037005,90,-0.1600860448226334,6.849704945554834,0.06379533338506876,0.0007088370376118751
6a26221c,AK Markram,-9.581530977254967,68,-0.14090486731257304,6.479652696214423,0.06034881900171764,0.0008874826323782006
119678fd,KV Sharma,-15.291899625072482,91,-0.16804285302277452,6.201743232070378,0.057760484605293635,0.0006347306000581718
50c6bc2b,LS Livingstone,-6.585117058532682,54,-0.12194661219504967,6.169352329222421,0.05745880906419317,0.001064052019707281
08548b13,PHKD Mendis,-3.9173821235359885,42,-0.09327100294133306,6.00276073360687,0.05590724349079696,0.0013311248450189753
f9e6e7ef,Shahbaz Ahmed,-8.540693123204319,61,-0.14001136267548064,5.867133407407927,0.05464406638174468,0.0008958043669138472
402f8494,RJ Gleeson,-1.1178937776613125,22,-0.05081335353005966,4.078371528461137,0.037984274270849744,0.001726557921402261
f6d8a7ab,K Kartikeya,-7.810660821738628,49,-0.159401241259972,3.7628391782613733,0.03504553579455503,0.0007152150162154087
fb2d1dda,N Rana,0.4667448777930856,12,0.03889540648275713,3.3010714084053308,0.030744820791704673,0.0025620683993087226
872b03f7,A Badoni,0.743697722216865,10,0.0743697722216865,3.1056364977270694,0.02892462045009844,0.002892462045009844
4b31f3a3,Yash Thakur,-7.076352450984332,43,-0.16456633606940307,3.079984283709547,0.028685706283967095,0.0006671094484643511
c27b5a0e,PVSN Raju,-3.9317496315593234,29,-0.13557757350204563,2.917872817420269,0.027175866791657528,0.0009370988548847423
b8527c3d,Rasikh Salam,-6.779334075011477,38,-0.1784035282897757,2.1960332719273,0.020452950283387353,0.0005382355337733513
cf0ccafa,M Siddharth,-8.250649265727002,43,-0.1918755643192326,1.9056874689668764,0.01774878894446192,0.00041276253359213765
1e030637,V Puthur,-15.420431071252068,73,-0.21123878179797353,1.8217219899724242,0.016966769022747734,0.00023242149346229773
fa2f1dde,K Khejroliya,-3.1262747053004807,19,-0.1645407739631832,1.3614089681689077,0.01267960294466711,0.0006673475234035321
7d92277a,Mujeeb Ur Rahman,-2.0836349692207303,13,-0.16027961301697927,0.9868854389425352,0.009191444900275078,0.0007070342230980829
d1a60072,N Wadhera,-0.21935794029884015,5,-0.04387158805976803,0.961611447456262,0.008956053343170923,0.0017912106686341846
f834dcfc,L Ngidi,-10.378152261250307,48,-0.21621150544271472,0.9591538611986739,0.008933164396001432,0.00018610759158336316
2ed569a0,RD Chahar,-0.9717607566165845,6,-0.16196012610276408,0.4454025086895381,0.004148295694230587,0.0006913826157050978
e62dd25d,K Rabada,-21.51471987702529,88,-0.24448545314801465,-0.7296586525354911,-0.0067957404539023105,-7.722432333979898e-05
ed5a5510,P Dubey,-3.7277215819667378,12,-0.3106434651638948,-0.8933950513544926,-0.008320713899175679,-0.0006933928249313066
f29185a1,Abhishek Sharma,-16.771730109264723,67,-0.2503243299890257,-0.9467403133463552,-0.00881754971916136,-0.00013160521968897553
acdc62f5,A Nortje,-11.743509428658147,45,-0.2609668761924033,-1.1147849388622273,-0.010382648215164639,-0.00023072551589254752
0a67aec0,Akash Deep,-31.359726093024044,127,-0.24692697711042555,-1.3631036440444504,-0.012695386458456276,-9.996367290123052e-05
bbd41817,AD Russell,-28.316710588547487,114,-0.2483921981451534,-1.3906085477311585,-0.012951555813832154,-0.00011361013871782591
9eb1455b,NT Ellis,-8.177883817823464,25,-0.32711535271293857,-2.273036879047953,-0.02117013019510061,-0.0008468052078040245
fb5f69e4,M Tiwari,-3.8484948669990557,6,-0.6414158111665093,-2.431331601692933,-0.022644422107599264,-0.003774070351266544
7dcb9bc9,M Shahrukh Khan,-3.95417056286844,6,-0.65902842714474,-2.537007297562317,-0.02362864205608938,-0.00393810700934823
26989d80,Shashank Singh,-5.463603062582249,12,-0.4553002552151874,-2.6292765319700035,-0.024487999738940145,-0.0020406666449116788
752f7486,Ishan Kishan,-2.9944103216623876,1,-2.9944103216623876,-2.7582164441113672,-0.02568889302515942,-0.02568889302515942
8e514b4c,Abdul Samad,-3.5614380591589403,2,-1.7807190295794701,-3.0890503040568995,-0.028770143467047586,-0.014385071733523793
25228673,Harsh Dubey,-17.652289371133296,61,-0.2893817929693983,-3.2444628405210505,-0.030217591883403654,-0.0004953703587443222
c96f6ac5,PWA Mulder,-4.681851150293205,6,-0.7803085250488676,-3.264687884987083,-0.030405959625473437,-0.005067659937578906
5bb1a1c4,I Sharma,-31.10803972082614,117,-0.26588068137458243,-3.473356047356752,-0.032349409028189925,-0.00027649067545461477
73ad96ed,DJ Hooda,-6.114697162933718,11,-0.5558815602667017,-3.516564509872493,-0.03275183486888789,-0.002977439533535263
3b53243a,XC Bartlett,-17.68980116241392,60,-0.29483001937356534,-3.518168509352696,-0.03276677386004188,-0.0005461128976673647
2cdce1be,C Sakariya,-8.53918507027106,19,-0.44943079317216106,-4.0515013968016715,-0.0377340169209432,-0.001986000890575958
ce794613,T Natarajan,-10.38651242723844,25,-0.4154604970895376,-4.481665488462929,-0.041740388269189986,-0.0016696155307675995
107c26fb,KT Maphaka,-12.053537383930554,32,-0.3766730432478298,-4.4953333022979,-0.04186768466329421,-0.0013083651457279442
b1ad996b,MP Yadav,-17.926715685065687,53,-0.33823991858614505,-5.408440174861605,-0.05037198635430385,-0.0009504148368736575
83c3e8e3,SH Johnson,-25.050114697460053,73,-0.34315225612958977,-7.807961636235561,-0.07272014190402869,-0.0009961663274524477
970ddd24,Suryansh Shedge,-12.510165468785603,19,-0.6584297615150317,-8.022481795316214,-0.0747180943961648,-0.003932531284008674
a4e37e47,S Dube,-11.255070367923814,13,-0.8657746436864472,-8.184549959760549,-0.07622753059290815,-0.005863656199454474
d621b427,Musheer Khan,-11.346538550578893,12,-0.9455448792149078,-8.512212019966649,-0.07927924019713745,-0.006606603349761454
4885bbe6,Yudhvir Singh,-25.495186921714474,71,-0.3590871397424574,-8.725421615592023,-0.08126498664051432,-0.0011445772766269621
d9273ee7,MP Stoinis,-31.07276642136946,91,-0.34145897166340067,-9.579123564226602,-0.08921601531365002,-0.0009803957726774728
a2f46292,KK Ahmed,-78.1394222413803,290,-0.26944628359096656,-9.643197751584381,-0.08981277592981635,-0.0003096992273441943
8db7f47f,RJW Topley,-13.925268885600458,18,-0.7736260492000254,-9.673779089682089,-0.09009759792942246,-0.005005422107190137
14f96089,A Zampa,-21.500527268871952,50,-0.43001054537743905,-9.69083339132093,-0.0902564346774791,-0.001805128693549582
e94915e6,SM Curran,-28.623371215716574,74,-0.3868023137258996,-11.145024276941061,-0.10380017022390856,-0.0014027050030257914
df064e1a,Ravi Bishnoi,-66.90649366240585,233,-0.2871523333150466,-11.873320193018095,-0.11058321871116787,-0.0004746060888891325
59559bc2,J Overton,-22.985930930824427,41,-0.5606324617274251,-13.30198195123259,-0.1238891864695221,-0.0030216874748663926
765a4731,Mukesh Choudhary,-23.710614549789657,36,-0.6586281819386016,-15.207634957952921,-0.14163765444680004,-0.00393437929018889
85b3fab2,T Stubbs,-21.310849743033792,12,-1.775904145252816,-18.476523212421547,-0.1720827345852803,-0.014340227882106692
62175638,Karim Janat,-22.093516506778364,6,-3.6822527511297274,-20.676353241472242,-0.1925710463022468,-0.0320951743837078
8cf9814c,Mohammed Shami,-65.06030901793629,187,-0.3479160910050069,-20.892053915895474,-0.19457999362853193,-0.0010405347252862669
cb9b8664,W O'Rourke,-39.38631874955456,64,-0.61541123046179,-24.269910586289257,-0.22603996075523197,-0.0035318743868004996
30df8c66,Simarjeet Singh,-40.127759940016716,63,-0.6369485704764558,-25.247545654302428,-0.23514525150696122,-0.003732464309634305
e9c7f0d0,Fazalhaq Farooqi,-61.79388128845568,104,-0.59417193546592,-37.22971802314956,-0.3467422745939234,-0.003334060332633879
