player_name,WAR,VORP,RAA,balls,auction_price_cr,team,role,war_per_crore,est_matches,war_per_match,war_per_cr_per_match,vorp_per_crore,price_bucket
Priyansh Arya,1.880232148829464,201.88052581981955,120.30541424087218,317,3.8,Punjab Kings,Batter,0.49479793390249055,24.384615384615383,0.07710731209710736,0.02029139792029141,53.12645416311041,Mid-tier (2-5 Cr)
Abhishek Sharma,1.4545052345114453,156.1702270294939,93.89522071370442,242,14.0,Sunrisers Hyderabad,Batter,0.10389323103653181,18.615384615384617,0.07813457871342475,0.005581041336673196,11.155016216392422,Marquee (>10 Cr)
KL Rahul,1.1684811838289684,125.45982470771634,28.701963655084757,376,14.0,Delhi Capitals,Batter,0.08346294170206917,28.923076923076923,0.04039961539834199,0.002885686814167285,8.961416050551167,Marquee (>10 Cr)
Shubman Gill,0.9323522322937584,100.10665918138083,-11.833951344934963,435,16.5,Gujarat Titans,Batter,0.05650619589659142,33.46153846153846,0.027863400045560597,0.0016886909118521574,6.06707025341702,Marquee (>10 Cr)
Shashank Singh,0.8556557076154844,91.87175332667456,30.626085958253498,238,5.5,Punjab Kings,Batter,0.15557376502099715,18.307692307692307,0.04673749663445923,0.00849772666081077,16.703955150304466,Premium (5-10 Cr)
Naman Dhir,0.8327654389140456,89.41402517620108,52.87249254462212,142,5.25,Mumbai Indians,Batter,0.15862198836458014,10.923076923076923,0.07623908947804643,0.014521731329151702,17.031242890704966,Premium (5-10 Cr)
Ishan Kishan,0.6718706482948995,72.13875150742336,8.834406244265463,246,11.25,Sunrisers Hyderabad,Batter,0.05972183540399107,18.923076923076923,0.03550535946273859,0.0031560319522434305,6.412333467326521,Marquee (>10 Cr)
Abishek Porel,0.6324913580075316,67.91059710926868,12.06895921453183,217,4.0,Delhi Capitals,Batter,0.1581228395018829,16.692307692307693,0.03789118734607332,0.00947279683651833,16.97764927731717,Mid-tier (2-5 Cr)
Dhruv Jurel,0.6301697018054911,67.66132088285559,11.305013514434528,219,14.0,Rajasthan Royals,Batter,0.04501212155753508,16.846153846153847,0.03740733389712961,0.0026719524212235435,4.832951491632542,Marquee (>10 Cr)
Aniket Verma,0.619498958588883,66.51560318368837,28.430062131056793,148,0.3,Sunrisers Hyderabad,Batter,2.06499652862961,11.384615384615385,0.05441544906523973,0.18138483021746576,221.71867727896125,Budget (<2 Cr)
Tilak Varma,0.4853255464722896,52.10940392472973,-14.540292917375538,259,8.0,Mumbai Indians,Batter,0.0606656933090362,19.923076923076923,0.024359969514053146,0.0030449961892566432,6.513675490591217,Premium (5-10 Cr)
Ashutosh Sharma,0.4110190327859542,44.13111355022791,7.589580918648959,142,3.8,Delhi Capitals,Batter,0.1081629033647248,10.923076923076923,0.03762850300153102,0.009902237631981848,11.613450934270503,Mid-tier (2-5 Cr)
Abdul Samad,0.3336386452089092,35.82278133608058,10.603977125554264,98,4.2,Lucknow Super Giants,Batter,0.07943777266878789,7.538461538461538,0.04425818762975326,0.010537663721369824,8.529233651447758,Mid-tier (2-5 Cr)
Sameer Rizvi,0.3211834011701183,34.4854617836356,13.126678625740858,83,0.95,Delhi Capitals,Batter,0.3380877907053877,6.384615384615385,0.05030583391821129,0.05295350938759084,36.300486088037474,Budget (<2 Cr)
MS Dhoni,0.2375930396448868,25.510364666671496,-14.11918480701272,154,4.0,Chennai Super Kings,Batter,0.0593982599112217,11.846153846153847,0.020056555294698235,0.005014138823674559,6.377591166667874,Mid-tier (2-5 Cr)
Rahmanullah Gurbaz,0.129255387009192,13.87815090317695,-0.2752596231388404,55,2.0,Kolkata Knight Riders,Batter,0.064627693504596,4.230769230769231,0.030551273293081747,0.015275636646540873,6.939075451588475,Mid-tier (2-5 Cr)
Azmatullah Omarzai,0.0938653203616951,10.078319447235208,-0.9870742369753192,43,2.4,Punjab Kings,Batter,0.039110550150706296,3.3076923076923075,0.02837788755121015,0.011824119813004231,4.199299769681336,Mid-tier (2-5 Cr)
Washington Sundar,0.0927439998083533,9.9579232594229,-11.91552937215605,85,3.2,Gujarat Titans,Batter,0.028982499940110405,6.538461538461538,0.014184376441277563,0.0044326176378992384,3.111851018569656,Mid-tier (2-5 Cr)
Ramandeep Singh,0.054849845599073,5.889227921972472,-3.3748226043433185,36,4.0,Kolkata Knight Riders,Batter,0.01371246139976825,2.769230769230769,0.01980688868855414,0.004951722172138535,1.472306980493118,Mid-tier (2-5 Cr)
Avesh Khan,0.039759674808572,4.268996284196378,0.6663099684069037,14,9.75,Lucknow Super Giants,Batter,0.004077915364981744,1.0769230769230769,0.03691969803653115,0.0037866356960544766,0.43784577273809006,Premium (5-10 Cr)
Akash Deep,0.0373715393190508,4.012582176686487,3.4979127030022763,2,8.0,Lucknow Super Giants,Batter,0.00467144241488135,0.15384615384615385,0.2429150055738302,0.030364375696728774,0.5015727720858109,Premium (5-10 Cr)
Atharva Taide,0.0299041069368256,3.210803961806966,0.3801218565438078,11,0.3,Sunrisers Hyderabad,Batter,0.09968035645608533,0.8461538461538461,0.035341217288975706,0.11780405762991902,10.702679872689886,Budget (<2 Cr)
Harpreet Brar,0.0282491765433814,3.0331140854628647,-0.3122374934845039,13,1.5,Punjab Kings,Batter,0.018832784362254266,1.0,0.0282491765433814,0.018832784362254266,2.022076056975243,Budget (<2 Cr)
Kuldeep Yadav,0.0229029408558518,2.4590887596928175,-1.658267029780867,16,13.25,Delhi Capitals,Batter,0.0017285238381774942,1.2307692307692308,0.018608639445379587,0.001404425618519214,0.1855916045051183,Marquee (>10 Cr)
Harshit Rana,0.0160627068488117,1.724652834356915,-12.17142295511677,54,4.0,Kolkata Knight Riders,Batter,0.004015676712202925,4.153846153846154,0.003866947945084298,0.0009667369862710745,0.43116320858922874,Mid-tier (2-5 Cr)
Sandeep Sharma,0.0066144366328553,0.7101920612696803,-0.8338163597829514,6,4.0,Rajasthan Royals,Batter,0.001653609158213825,0.46153846153846156,0.014331279371186481,0.0035828198427966204,0.17754801531742007,Mid-tier (2-5 Cr)
Rashid Khan,0.0066083050414562,0.7095337123011536,-7.525177866646216,32,18.0,Gujarat Titans,Batter,0.00036712805785867774,2.4615384615384617,0.002684623923091581,0.00014914577350508783,0.03941853957228631,Marquee (>10 Cr)
Fazalhaq Farooqi,-0.0006158086472513,-0.066119374455375,-0.5807888481395856,2,2.0,Rajasthan Royals,Batter,-0.00030790432362565,0.15384615384615385,-0.00400275620713345,-0.002001378103566725,-0.0330596872276875,Mid-tier (2-5 Cr)
Mohammed Shami,-0.0011852099749405,-0.127255995009369,-2.957938100272527,11,10.0,Sunrisers Hyderabad,Batter,-0.00011852099749405,0.8461538461538461,-0.0014007026976569548,-0.00014007026976569546,-0.012725599500936898,Marquee (>10 Cr)
Akash Madhwal,-0.0076910147202284,-0.8257842505109276,-3.141796882089875,9,1.2,Rajasthan Royals,Batter,-0.006409178933523667,0.6923076923076923,-0.011109243484774356,-0.00925770290397863,-0.6881535420924397,Budget (<2 Cr)
Mohammed Siraj,-0.0113581789620224,-1.2195276751523467,-2.506201359362873,5,12.25,Gujarat Titans,Batter,-0.0009271982826140734,0.38461538461538464,-0.029531265301258238,-0.002410715534796591,-0.0995532796042732,Marquee (>10 Cr)
Musheer Khan,-0.0136275176944968,-1.463186574858122,-2.2351907853844377,3,0.3,Punjab Kings,Batter,-0.045425058981656004,0.23076923076923078,-0.0590525766761528,-0.19684192225384267,-4.877288582860407,Budget (<2 Cr)
Shahbaz Ahmed,-0.0145871880381085,-1.5662263796517104,-3.6249042743885527,8,2.4,Lucknow Super Giants,Batter,-0.006077995015878542,0.6153846153846154,-0.02370418056192631,-0.00987674190080263,-0.6525943248548793,Mid-tier (2-5 Cr)
Yash Dayal,-0.0258180592819885,-2.7720850251071143,-4.830762919843957,8,5.0,Royal Challengers Bengaluru,Batter,-0.0051636118563976995,0.6153846153846154,-0.04195434633323131,-0.008390869266646261,-0.5544170050214229,Premium (5-10 Cr)
Ravi Bishnoi,-0.0263848356811339,-2.832939807083349,-6.950295596557034,16,11.0,Lucknow Super Giants,Batter,-0.0023986214255576274,1.2307692307692308,-0.021437678990921295,-0.0019488799082655723,-0.2575399824621227,Marquee (>10 Cr)
Arshdeep Singh,-0.0322559193217545,-3.463318057576788,-5.00732647862942,6,18.0,Punjab Kings,Batter,-0.0017919955178752498,0.46153846153846156,-0.06988782519713474,-0.0038826569553963744,-0.192406558754266,Marquee (>10 Cr)
Arshad Khan,-0.0337015606364509,-3.618536565535736,-15.455934460272578,46,1.3,Gujarat Titans,Batter,-0.025924277412654535,3.5384615384615383,-0.009524354092910036,-0.007326426225315412,-2.78348966579672,Budget (<2 Cr)
Simarjeet Singh,-0.0388890370643455,-4.175515909598785,-5.976859067493521,7,1.5,Sunrisers Hyderabad,Batter,-0.025926024709563667,0.5384615384615384,-0.07222249740521308,-0.04814833160347539,-2.7836772730658566,Budget (<2 Cr)
Prince Yadav,-0.0527266251193532,-5.661257739064961,-8.491939844328119,11,0.3,Lucknow Super Giants,Batter,-0.17575541706451067,0.8461538461538461,-0.062313284231962876,-0.20771094743987625,-18.870859130216537,Budget (<2 Cr)
Suryansh Shedge,-0.0562702568087519,-6.041737473555701,-9.129754315660964,12,0.3,Punjab Kings,Batter,-0.18756752269583968,0.9230769230769231,-0.06095944487614789,-0.20319814958715965,-20.13912491185234,Budget (<2 Cr)
Noor Ahmad,-0.0648749763355588,-6.965626209148951,-11.34031673546474,17,10.0,Chennai Super Kings,Batter,-0.0064874976335558806,1.3076923076923077,-0.04961027602130967,-0.004961027602130967,-0.6965626209148951,Marquee (>10 Cr)
Kuldeep Yadav,1.4926788244730194,160.2689253836681,83.74210905713745,324,13.25,Delhi Capitals,Bowler,0.11265500562060524,14.727272727272727,0.10135473499508156,0.007649413961892948,12.095767953484383,Marquee (>10 Cr)
Noor Ahmad,1.0110455365024558,108.55595925426869,33.44630619304419,318,10.0,Chennai Super Kings,Bowler,0.10110455365024558,14.454545454545455,0.06994654655048436,0.006994654655048437,10.855595925426869,Marquee (>10 Cr)
Arshdeep Singh,0.9890606411220536,106.19544103727492,19.276094098499396,368,18.0,Punjab Kings,Bowler,0.05494781339566965,16.727272727272727,0.0591286252844706,0.0032849236269150333,5.899746724293051,Marquee (>10 Cr)
Sandeep Sharma,0.7213530127605325,77.45167298009838,20.056560735200417,243,4.0,Rajasthan Royals,Bowler,0.18033825319013314,11.045454545454545,0.06530768016762023,0.016326920041905058,19.362918245024595,Mid-tier (2-5 Cr)
Mohammed Siraj,0.6838297563782061,73.422800942328,-13.2603521188965,367,12.25,Gujarat Titans,Bowler,0.055822837255363765,16.681818181818183,0.040992519455914256,0.0033463281188501432,5.993698036108408,Marquee (>10 Cr)
Rashid Khan,0.5095879528845804,54.71445850121739,-24.64668435592547,336,18.0,Gujarat Titans,Bowler,0.02831044182692113,15.272727272727273,0.03336587786744276,0.0018536598815245978,3.039692138956522,Marquee (>10 Cr)
Yash Dayal,0.3892766991886726,41.79663919188778,-30.242493461173453,305,5.0,Royal Challengers Bengaluru,Bowler,0.07785533983773452,13.863636363636363,0.028078975023445234,0.005615795004689047,8.359327838377556,Premium (5-10 Cr)
Suyash Sharma,0.3844956075527809,41.28329338294209,-30.755839270119136,305,2.6,Royal Challengers Bengaluru,Bowler,0.1478829259818388,13.863636363636363,0.02773410939724977,0.010666965152788373,15.878189762670035,Mid-tier (2-5 Cr)
Vijaykumar Vyshak,0.3656298110125856,39.25767280842132,12.56776464515601,113,1.8,Punjab Kings,Bowler,0.20312767278476979,5.136363636363637,0.07118456497590162,0.03954698054216756,21.80981822690073,Budget (<2 Cr)
Harshit Rana,0.3451906739073372,37.0631226574308,-28.126387546650847,276,4.0,Kolkata Knight Riders,Bowler,0.0862976684768343,12.545454545454545,0.02751519864478775,0.006878799661196937,9.2657806643577,Mid-tier (2-5 Cr)
Avesh Khan,0.3235284324137803,34.737247788267595,-34.70375221173241,294,9.75,Lucknow Super Giants,Bowler,0.03318240332449029,13.363636363636363,0.024209610588786283,0.00248303698346526,3.5627946449505226,Premium (5-10 Cr)
Prince Yadav,0.3176058479270479,34.10133989192713,0.0894215245801897,144,0.3,Lucknow Super Giants,Bowler,1.0586861597568262,6.545454545454546,0.0485231156555212,0.16174371885173733,113.67113297309045,Budget (<2 Cr)
Mukesh Kumar,0.3134294664727524,33.652921815179425,-26.57651696033078,255,8.0,Delhi Capitals,Bowler,0.03917868330909405,11.590909090909092,0.02704097357804138,0.0033801216972551727,4.206615226897428,Premium (5-10 Cr)
Arshad Khan,0.2541786431834419,27.291160918606167,-36.953573775271394,272,1.3,Gujarat Titans,Bowler,0.19552203321803224,12.363636363636363,0.02055856672807251,0.015814282098517315,20.993200706620126,Budget (<2 Cr)
Harpreet Brar,0.2520779012699991,27.06560425935981,-4.584375332476926,134,1.5,Punjab Kings,Bowler,0.16805193417999942,6.090909090909091,0.04138592408910433,0.027590616059402887,18.043736172906538,Budget (<2 Cr)
Akash Madhwal,0.2328088006285752,24.996680923490125,2.0858748010411423,97,1.2,Rajasthan Royals,Bowler,0.194007333857146,4.409090909090909,0.052801996018852104,0.04400166334904342,20.830567436241772,Budget (<2 Cr)
Zeeshan Ansari,0.2267545159576133,24.34663237836894,-25.017888029794324,209,0.4,Sunrisers Hyderabad,Bowler,0.5668862898940332,9.5,0.023868896416590873,0.059672241041477184,60.86658094592235,Budget (<2 Cr)
Naman Dhir,0.1496795329030758,16.07109144780325,10.40243838657876,24,5.25,Mumbai Indians,Bowler,0.028510387219633487,1.0909090909090908,0.13720623849448618,0.02613452161799737,3.061160275772048,Premium (5-10 Cr)
Washington Sundar,0.1441003041708314,15.47204965882217,-0.3529401370961978,67,3.2,Gujarat Titans,Bowler,0.045031345053384804,3.0454545454545454,0.04731651778743717,0.014786411808574117,4.835015518381928,Mid-tier (2-5 Cr)
Azmatullah Omarzai,0.1231856620141912,13.226444530463716,-26.690320775658737,169,2.4,Punjab Kings,Bowler,0.05132735917257967,7.681818181818182,0.01603600333912548,0.006681668057968951,5.511018554359882,Mid-tier (2-5 Cr)
Akash Singh,0.0724400164044841,7.7778845613494685,-8.0471052345689,67,0.3,Lucknow Super Giants,Bowler,0.24146672134828032,3.0454545454545454,0.023786274043263434,0.07928758014421144,25.926281871164896,Budget (<2 Cr)
Ashwani Kumar,0.0650075021726697,6.979855508279549,-24.197736328455147,132,0.3,Mumbai Indians,Bowler,0.21669167390889904,6.0,0.010834583695444952,0.03611527898481651,23.266185027598496,Budget (<2 Cr)
Shahbaz Ahmed,0.0546440663817446,5.867133407407927,-8.540693123204319,61,2.4,Lucknow Super Giants,Bowler,0.022768360992393585,2.772727272727273,0.019707696072104607,0.008211540030043587,2.444638919753303,Mid-tier (2-5 Cr)
Yash Thakur,0.028685706283967,3.079984283709547,-7.076352450984332,43,1.6,Punjab Kings,Bowler,0.017928566427479375,1.9545454545454546,0.014676407866215675,0.009172754916384796,1.9249901773184668,Budget (<2 Cr)
Abhishek Sharma,-0.0088175497191613,-0.9467403133463552,-16.771730109264723,67,14.0,Sunrisers Hyderabad,Bowler,-0.0006298249799400928,3.0454545454545454,-0.0028953148331574414,-0.00020680820236838868,-0.06762430809616823,Marquee (>10 Cr)
Akash Deep,-0.0126953864584562,-1.3631036440444504,-31.359726093024044,127,8.0,Lucknow Super Giants,Bowler,-0.001586923307307025,5.7727272727272725,-0.0021992008038270584,-0.0002749001004783823,-0.1703879555055563,Premium (5-10 Cr)
Shashank Singh,-0.0244879997389401,-2.6292765319700035,-5.463603062582249,12,5.5,Punjab Kings,Bowler,-0.0044523635888982,0.5454545454545454,-0.044894666188056855,-0.008162666579646701,-0.47805027854000065,Premium (5-10 Cr)
Ishan Kishan,-0.0256888930251594,-2.7582164441113672,-2.9944103216623876,1,11.25,Sunrisers Hyderabad,Bowler,-0.0022834571577919466,0.045454545454545456,-0.5651556465535068,-0.050236057471422825,-0.24517479503212153,Marquee (>10 Cr)
Abdul Samad,-0.0287701434670475,-3.0890503040568995,-3.5614380591589403,2,4.2,Lucknow Super Giants,Bowler,-0.006850034158820833,0.09090909090909091,-0.31647157813752247,-0.07535037574702916,-0.7354881676325951,Mid-tier (2-5 Cr)
Harsh Dubey,-0.0302175918834036,-3.2444628405210505,-17.652289371133296,61,0.3,Sunrisers Hyderabad,Bowler,-0.100725306278012,2.772727272727273,-0.010898147892375068,-0.03632715964125023,-10.814876135070168,Budget (<2 Cr)
T Natarajan,-0.0417403882691899,-4.481665488462929,-10.38651242723844,25,10.75,Delhi Capitals,Bowler,-0.0038828268157385954,1.1363636363636365,-0.03673154167688711,-0.0034168875978499635,-0.4168991152058539,Marquee (>10 Cr)
Suryansh Shedge,-0.0747180943961648,-8.022481795316214,-12.510165468785605,19,0.3,Punjab Kings,Bowler,-0.24906031465388265,0.8636363636363636,-0.08651568824819081,-0.2883856274939694,-26.74160598438738,Budget (<2 Cr)
Musheer Khan,-0.0792792401971374,-8.512212019966649,-11.346538550578892,12,0.3,Punjab Kings,Bowler,-0.264264133990458,0.5454545454545454,-0.14534527369475192,-0.4844842456491731,-28.374040066555498,Budget (<2 Cr)
Yudhvir Singh,-0.0812649866405143,-8.725421615592023,-25.49518692171447,71,0.35,Rajasthan Royals,Bowler,-0.23218567611575516,3.227272727272727,-0.025180700085793168,-0.07194485738798048,-24.92977604454864,Budget (<2 Cr)
Ravi Bishnoi,-0.1105832187111678,-11.873320193018095,-66.90649366240585,233,11.0,Lucknow Super Giants,Bowler,-0.010053019882833436,10.590909090909092,-0.010441333955560907,-0.0009492121777782643,-1.0793927448198268,Marquee (>10 Cr)
Mukesh Choudhary,-0.1416376544468,-15.20763495795292,-23.710614549789657,36,0.3,Chennai Super Kings,Bowler,-0.4721255148226666,1.6363636363636365,-0.08655634438415555,-0.2885211479471852,-50.692116526509736,Budget (<2 Cr)
Karim Janat,-0.1925710463022468,-20.67635324147224,-22.093516506778364,6,0.75,Gujarat Titans,Bowler,-0.2567613950696624,0.2727272727272727,-0.7060938364415716,-0.9414584485887622,-27.568470988629652,Budget (<2 Cr)
Mohammed Shami,-0.1945799936285319,-20.89205391589547,-65.06030901793629,187,10.0,Sunrisers Hyderabad,Bowler,-0.01945799936285319,8.5,-0.02289176395629787,-0.002289176395629787,-2.089205391589547,Marquee (>10 Cr)
Simarjeet Singh,-0.2351452515069612,-25.247545654302428,-40.12775994001672,63,1.5,Sunrisers Hyderabad,Bowler,-0.1567635010046408,2.8636363636363638,-0.0821142148119547,-0.05474280987463647,-16.831697102868286,Budget (<2 Cr)
Fazalhaq Farooqi,-0.3467422745939234,-37.22971802314956,-61.79388128845568,104,2.0,Rajasthan Royals,Bowler,-0.1733711372969617,4.7272727272727275,-0.07334932731794534,-0.03667466365897267,-18.61485901157478,Mid-tier (2-5 Cr)
