batter_id,batter_name,mean_war,std_war,ci_lower,ci_upper,n_samples,significant,ci_width
dcce6f09,DA Warner,8.043864008891733,1.4104860589234722,5.312480795885551,10.970373224069636,1000,True,5.657892428184085
c4487b84,AB de Villiers,7.072866786749372,1.4975573964429998,4.4264173650871985,10.137513776932911,1000,True,5.711096411845713
919a3be2,RR Pant,6.6889439685499985,1.354788741544377,4.1072391855669474,9.373920730039794,1000,True,5.2666815444728465
bbd41817,AD Russell,6.35701270218487,1.2921230192452782,3.8837389601839276,9.031820094871877,1000,True,5.148081134687949
99b75528,JC Buttler,5.851633961631674,1.1590310118995362,3.6799551930242327,8.241099384926253,1000,True,4.56114419190202
b17e2f24,KL Rahul,5.601397424825967,1.1609875336159672,3.444160890452494,7.955320012291954,1000,True,4.5111591218394596
ba607b88,V Kohli,5.082232519958794,1.1685591032459912,2.9147142797149135,7.353789935191191,1000,True,4.439075655476278
0a476045,S Dhawan,4.529380010866173,0.8701115514634344,2.9497152320724074,6.382516005665705,1000,True,3.4328007735932977
a4cc73aa,SV Samson,4.395343292351414,1.0167970035001335,2.4750438831491643,6.513554296819554,1000,True,4.038510413670389
c03f1114,KD Karthik,4.20221931500425,0.9042156359577951,2.554091233444171,6.017310211077986,1000,True,3.463218977633815
740742ef,RG Sharma,4.052594052438465,0.8882122156844682,2.4000559671258896,5.860223584456722,1000,True,3.460167617330832
db584dad,CH Gayle,4.03747459879385,1.0201917308668558,2.180365313569074,6.141604517992271,1000,True,3.9612392044231974
b681e71e,GJ Maxwell,3.9956778783189106,0.8200580312483764,2.3060413947266154,5.65984648002307,1000,True,3.3538050852964547
372455c4,Q de Kock,3.956569037834687,0.9130559351955299,2.295554072537944,5.883540133177055,1000,True,3.587986060639111
271f83cd,SA Yadav,3.95077220572048,0.8103746497938024,2.4411471773426423,5.56860363282395,1000,True,3.127456455481308
8b3e9c7c,PP Shaw,3.950618440967513,0.8084041499170084,2.4952033268026583,5.578506469388642,1000,True,3.0833031425859834
77255a9e,RA Tripathi,3.5832682923596244,0.7455388699352071,2.227561940623312,5.095710769432925,1000,True,2.868148828809613
3355b542,F du Plessis,3.5460364398683493,0.8032457827143408,1.9829034065201818,5.136042048850872,1000,True,3.1531386423306897
1c17e270,RV Uthappa,3.393281974434119,0.8460667426668954,1.7640278949203887,5.123499689606604,1000,True,3.3594717946862147
b8a55852,BB McCullum,3.2235519838774347,0.7692055531045792,1.8992273082584876,4.9202463944220085,1000,True,3.0210190861635207
b5da6c24,PA Patel,3.0637908689321156,0.6408875536704982,1.9089763801496262,4.424242838088947,1000,True,2.5152664579393207
fb2d1dda,N Rana,3.042893992609884,0.7459100439663109,1.5507358498278416,4.51265600054692,1000,True,2.961920150719078
9d430b40,SP Narine,3.042848872605196,0.7561083919974421,1.5927828936120318,4.577251724345436,1000,True,2.9844688307334035
1dc12ab9,SK Raina,2.993821953320951,0.8196424816591382,1.5035823658246248,4.65283494660854,1000,True,3.149252580783916
4329fbb5,SR Watson,2.9932742151922134,0.9480242723983489,1.3109095162331013,4.925914087279424,1000,True,3.615004571046323
85ec8e33,SS Iyer,2.9166788220415323,0.829508728667651,1.385923172071553,4.589749753681949,1000,True,3.203826581610396
a757b0d8,KA Pollard,2.8409039371273015,1.088539337280022,0.8522651207713953,5.18444498982946,1000,True,4.332179869058065
45eda7c8,CA Lynn,2.8323964541995728,0.7589031336176202,1.4595626295609938,4.462046784013332,1000,True,3.002484154452339
70d205c9,AT Rayudu,2.7819275474897953,0.9550972326110818,1.027510042477966,4.689045465007186,1000,True,3.66153542252922
29e95537,AM Rahane,2.712264551378491,0.6639132025085388,1.4896872863273656,4.091852086857934,1000,True,2.602164800530568
dbe50b21,HH Pandya,2.6665233551788226,0.8360885248676652,1.0813202807431412,4.310985895074237,1000,True,3.229665614331095
35205dfc,DR Smith,2.3784116788815783,0.6678923713323619,1.2355815805997115,3.819339753649538,1000,True,2.5837581730498265
752f7486,Ishan Kishan,2.3377580808096403,0.8677313215001572,0.7955255224704532,4.22815130123817,1000,True,3.432625778767717
abb83e27,JM Bairstow,2.160478264320899,0.7659748860724054,0.8062647147416176,3.7273466795915793,1000,True,2.9210819648499617
00ea847a,MA Agarwal,2.1554963691115794,0.6465010932224663,1.003570672375748,3.5207644779535183,1000,True,2.5171938055777705
45a43fe2,RD Gaikwad,2.043697887109722,0.7247252882871706,0.7921622985461299,3.60794476400419,1000,True,2.81578246545806
b4b99816,Shubman Gill,2.0075919884602946,0.5961968511957636,0.8867455036333453,3.3216852621140758,1000,True,2.4349397584807306
5b8c830e,KH Pandya,1.9419453127257351,0.6724183145012965,0.6909425996529248,3.3417549582668657,1000,True,2.650812358613941
b8d490fd,AJ Finch,1.8925440912645006,0.6162929937039966,0.7761122365066713,3.204384667244919,1000,True,2.4282724307382475
fe11caa6,WP Saha,1.7814690335973873,0.5714615629023135,0.6663425255755066,2.944515032452058,1000,True,2.2781725068765515
fb66ce1f,CH Morris,1.7539887127391145,0.6617535514708638,0.5882877859248052,3.1478312311190275,1000,True,2.5595434451942225
bb351c23,MM Ali,1.7019415041679895,0.5518007675425706,0.6925015457605945,2.851851670783289,1000,True,2.1593501250226943
50c6bc2b,LS Livingstone,1.6348725303364733,0.5777941024995387,0.6379384164589342,2.8659470533106797,1000,True,2.2280086368517455
2e171977,AR Patel,1.5578814845528894,0.5441123853673909,0.5006096426154737,2.630243783746466,1000,True,2.1296341411309925
d027ba9f,KS Williamson,1.4961435911776488,0.8087094421335442,0.010679931247219427,3.1592898574280777,1000,True,3.148609926180858
4a8a2e3b,MS Dhoni,1.4863445232178916,0.9941825049729726,-0.36747532803150906,3.4736075989673836,1000,False,3.841082926998893
d67d5f00,DA Miller,1.4267488670459547,0.8409209822041335,-0.008096775030120587,3.2352218691055215,1000,False,3.243318644135642
93b4fc78,MK Pandey,1.4109394724497508,0.7134915884786875,0.0455881967633229,2.9630576462392884,1000,True,2.9174694494759654
6c19c6e5,YBK Jaiswal,1.3564072506296316,0.4661957645976913,0.5800767013146217,2.3944842011746212,1000,True,1.8144074998599995
944533a5,KK Nair,1.3236576101391102,0.5660599962790512,0.290140992748746,2.531684904612028,1000,True,2.2415439118632823
73ad96ed,DJ Hooda,1.2593792089038365,0.598776465905422,0.14013400783517907,2.5122377623110026,1000,True,2.3721037544758237
32198ae0,MC Henriques,1.204956189984627,0.5469865744515884,0.29052758857409927,2.365319566777881,1000,True,2.074791978203782
0ebfb1ad,E Lewis,1.1833815201609172,0.5361977515812683,0.2318709370207002,2.276575509276204,1000,True,2.0447045722555037
4b57e452,M Vijay,1.1697383211170407,0.38878416717368397,0.41976859941332134,1.9049125091140546,1000,True,1.4851439097007333
30a45b23,SPD Smith,1.1615941696652567,0.6263519159214108,0.06982042219957511,2.4642243518408367,1000,True,2.3944039296412614
3c6ffae8,YK Pathan,1.138099561347271,0.5979403229161678,0.028044855234551382,2.403481544577448,1000,True,2.375436689342896
f29185a1,Abhishek Sharma,1.128668968011953,0.4538758461954595,0.32683040657708534,2.144131508553002,1000,True,1.8173011019759169
508a1ea7,SE Marsh,1.1133998943679633,0.4972109115115002,0.24968422394452064,2.2054362467979303,1000,True,1.9557520228534095
48a1d7b7,SO Hetmyer,1.112245536618503,0.5137514194952051,0.15069602060086734,2.138418230134047,1000,True,1.9877222095331797
87e562a9,DJ Bravo,1.032757664910227,0.5157309702290994,0.1345260856266038,2.140261599270101,1000,True,2.005735513643497
c03e2850,M Vohra,1.0243395318659203,0.5279840043397631,0.18557896895794437,2.2024301729241986,1000,True,2.016851203966254
a24be938,VR Iyer,0.9862766603687357,0.41821728890133175,0.23380117408930512,1.8595766604930608,1000,True,1.6257754864037557
e798611a,HM Amla,0.9723151409040955,0.5177050040760006,0.08630195152341134,2.11806632940659,1000,True,2.0317643778831784
6a26221c,AK Markram,0.9037482639235213,0.3993876703480397,0.19042855831143093,1.7469101835304248,1000,True,1.556481625218994
2c25d4f5,D Padikkal,0.8808479246249262,0.49024800472634045,-0.04151525367995716,1.8578538122669157,1000,False,1.899369065946873
e087956b,BA Stokes,0.8745071187512343,0.557066435613408,-0.10548130829747737,2.047071485593862,1000,False,2.1525527938913394
a4e37e47,S Dube,0.8709570946791413,0.5377192379938198,-0.10649119279343072,2.003806251541596,1000,False,2.1102974443350266
495d42a5,R Ashwin,0.8619631708939044,0.35864835049892024,0.24024729679140192,1.5868554672962625,1000,True,1.3466081705048605
c740ea83,RM Patidar,0.8445024463578226,0.4933061245328006,0.11537559085377977,1.9841615659537382,1000,True,1.8687859750999585
c3a96caf,Mandeep Singh,0.8401517697843484,0.43625314599655907,0.06941514046368293,1.7562274087056269,1000,True,1.686812268241944
5f547c8b,Rashid Khan,0.8390701199910113,0.43576877045906187,0.05230819383004862,1.7442776651253566,1000,True,1.691969471295308
f088b960,SN Khan,0.7968076786037024,0.42608599772215255,0.013051487987383809,1.6948553627337346,1000,True,1.6818038747463508
800d2d97,JM Sharma,0.79443153099384,0.2988169299693098,0.2817886974446309,1.4612788203461564,1000,True,1.1794901229015256
bb345e0b,G Gambhir,0.7833975088531224,0.4428630831108794,-0.08041018957656619,1.667614719470149,1000,False,1.748024909046715
c16d4035,SW Billings,0.7636427779043785,0.44372687964255514,0.026009959465937614,1.7419562512496798,1000,True,1.7159462917837423
ded9240e,PJ Cummins,0.725095267560148,0.45302110241416815,-0.004880024418684253,1.6953142548489428,1000,False,1.700194279267627
f1f99156,TH David,0.7120655981120312,0.36854104115330427,0.06881249037100254,1.506352436886511,1000,True,1.4375399465155085
2be41edb,MJ Guptill,0.6923654122417816,0.3415467120048477,0.11570408445886825,1.3826855158337794,1000,True,1.2669814313749113
650d5e49,R Powell,0.6224676720758029,0.3653047800492355,-0.0006787215811293275,1.447380051980123,1000,False,1.4480587735612522
2e11c706,BCJ Cutting,0.6105194299647942,0.28562957089779795,0.10967131767592882,1.2149017396788437,1000,True,1.105230422002915
d1c36f5c,JJ Roy,0.5861154291759952,0.34890198949336954,-0.011747817393112519,1.3760416309189767,1000,False,1.3877894483120892
5056011d,GJ Bailey,0.5585872676519539,0.3265688165887095,-0.02249904413946578,1.267893138849286,1000,False,1.2903921829887517
89f64c19,LMP Simmons,0.5499747137084382,0.39717800287999666,-0.15844643169986833,1.379621428525967,1000,False,1.5380678602258353
e94915e6,SM Curran,0.5402453578239205,0.3787546035307495,-0.05165061916989738,1.3957680728744732,1000,False,1.4474186920443706
b0482a1d,Tilak Varma,0.5252561112037184,0.3460952890796043,-0.04515179959845304,1.2757087964056952,1000,False,1.3208605960041482
2e8994e7,JP Duminy,0.5199622886328128,0.2981609278204262,-0.030093750554044212,1.1161059747526734,1000,False,1.1461997253067175
90de905a,K Gowtham,0.4991564559482752,0.2921430547807913,0.027867521237657907,1.1726322478780662,1000,True,1.1447647266404082
39a2dfa8,R Tewatia,0.4945829791173836,0.4068208239386325,-0.23858957707694398,1.3416211410272318,1000,False,1.5802107181041758
04a418e8,R Parag,0.48879452861969747,0.3641292527181303,-0.11818878487321055,1.2932145432957094,1000,False,1.41140332816892
e342e5fb,CR Brathwaite,0.46597963516554564,0.294194326807754,0.008775557221712174,1.1212846454083025,1000,True,1.1125090881865904
f986ca1a,HV Patel,0.4539174430425597,0.2983116856050634,-0.05924912926779382,1.0934887228912433,1000,False,1.1527378521590372
6c882e9a,PBB Rajapaksa,0.45291533261965156,0.2686915253479916,0.0028703610700129695,1.0487566581676167,1000,True,1.0458862970976037
3241e3fd,N Pooran,0.45135109688294034,0.46680339742937704,-0.4257926723476442,1.3633492276436698,1000,False,1.789141899991314
d2a6c0e6,EJG Morgan,0.4491702628257613,0.3414225184275591,-0.1562621025338392,1.1804312074423324,1000,False,1.3366933099761718
df5a6881,DP Conway,0.43784728240131887,0.31907782299885323,-0.05727166322586561,1.1264724083054203,1000,False,1.183744071531286
94d7f855,C de Grandhomme,0.4294276854477424,0.33243907431374314,-0.17227058744771098,1.136509570921419,1000,False,1.30878015836913
0a509d6b,RK Singh,0.4025011553037971,0.27978038570127983,-0.06529667279755036,1.0112079479652698,1000,False,1.0765046207628202
26e5cabf,MK Tiwary,0.3818821603806191,0.260563041098497,-0.08591602079285234,0.9443781639765048,1000,False,1.0302941847693572
99d63244,KM Jadhav,0.3812673517870833,0.5018007315517407,-0.5167013530676368,1.4218982148564747,1000,False,1.9385995679241115
62af8546,Mohammad Nabi,0.3802354423401643,0.18825047078792506,0.049020493171573844,0.7719921042932566,1000,True,0.7229716111216827
1c2a64cd,A Ashish Reddy,0.37246079031477897,0.2128686649426918,0.030850679358269777,0.8383481679860537,1000,True,0.8074974886277839
844e79d1,D Brevis,0.3722836018898115,0.30261124801487316,-0.11200524514181423,1.0717237193438378,998,False,1.1837289644856521
af2c687b,C Munro,0.3637010399079771,0.2847048362820229,-0.11405812584285972,0.981498622733933,1000,False,1.0955567485767927
1e66c162,JD Unadkat,0.3634875497566809,0.18642085350445187,0.04480822796850851,0.77404556167712,1000,True,0.7292373337086115
709b0bac,SS Tiwary,0.35493413580443967,0.1982375634643658,0.009282414312948845,0.7746020455938983,1000,True,0.7653196312809495
1abb78f8,SN Thakur,0.3499235384105072,0.2691383487010527,-0.12633754851121562,0.8836626808726158,1000,False,1.0100002293838315
3d8feaf8,MR Marsh,0.34922311707442594,0.3404343313829095,-0.2937640094070014,1.065662392349263,1000,False,1.3594264017562643
0f12f9df,NLTC Perera,0.3329475509104113,0.20823836246091723,0.006942980225096398,0.778314679915938,1000,True,0.7713716996908415
44a89551,KS Bharat,0.3284661479522901,0.2289527290295598,-0.03495641109780846,0.823149027233112,1000,False,0.8581054383309205
8b5b6769,Harbhajan Singh,0.32801258019568647,0.4157877157752339,-0.37078052508954,1.2185462566226313,1000,False,1.5893267817121712
7dcb9bc9,M Shahrukh Khan,0.3235783018641714,0.2763463987003425,-0.17639445809742704,0.8674004357091949,1000,False,1.043794893806622
bd17b45f,STR Binny,0.3204064524170346,0.3314107942040733,-0.2668247034019794,1.0100400316910985,1000,False,1.2768647350930777
0994d0ae,V Shankar,0.2984616507830619,0.3619512669070247,-0.36100753865568935,1.0482497139273612,1000,False,1.4092572525830507
f62772e5,P Negi,0.29279430905121623,0.34245369689638316,-0.3044850057267637,1.0426952002176773,1000,False,1.3471802059444409
f9e6e7ef,Shahbaz Ahmed,0.2898487292716974,0.24387109826311548,-0.15421167953196724,0.8074331226252159,1000,False,0.9616448021571832
c3d35165,JA Morkel,0.27543619413224757,0.20887996560376199,-0.007358105614103063,0.7260643805342483,989,False,0.7334224861483514
331ea488,UT Khawaja,0.2619848529522101,0.127261172598995,0.04312893214786962,0.5220411279877583,998,True,0.47891219583988864
0f721006,JO Holder,0.2604731172820538,0.25654993280918653,-0.15057241394731058,0.8274910202060056,1000,False,0.9780634341533162
c18496e1,Bipul Sharma,0.24954464838530194,0.1956720306403379,-0.04604332793881507,0.69454738061063,999,False,0.7405907085494451
cc1e8c68,UT Yadav,0.24222221392688315,0.19952382801737426,-0.1000779658774335,0.6606862921120398,1000,False,0.7607642579894733
6eb146d2,Gurkeerat Singh,0.24182891284241545,0.2568470644568561,-0.18631364780755344,0.7990194768683495,1000,False,0.985333124675903
92aeac25,AD Hales,0.24156530704580342,0.15422697289136414,-0.02215650487693284,0.5661186555815313,998,False,0.5882751604584642
12b610c2,TM Head,0.24083593862251454,0.26217656122377714,-0.187023866171397,0.8077155871278169,1000,False,0.9947394532992139
119678fd,KV Sharma,0.2325731902294414,0.23937088450505428,-0.21578598756676762,0.7261308551035093,1000,False,0.9419168426702769
d9273ee7,MP Stoinis,0.23168112399960394,0.4040315468916718,-0.522244245771312,1.105932819276747,1000,False,1.628177065048059
aa8d28ae,D Wiese,0.23003794517033563,0.18463723701043952,-0.011833615961950353,0.6508956645266609,1000,False,0.6627292804886112
8e514b4c,Abdul Samad,0.21889337916362026,0.19256327423513003,-0.12024025689947675,0.6363641596664673,1000,False,0.756604416565944
23eeb873,DL Chahar,0.2154751208974878,0.18122344276567834,-0.06945757920603078,0.6254185157651078,999,False,0.6948760949711386
0890552f,A Manohar,0.21531037281871288,0.18212416792057956,-0.09627300419931065,0.6100167470563389,1000,False,0.7062897512556495
13c35c9e,TG Southee,0.19155557761802539,0.1998223044330955,-0.1343227459043669,0.6564261447515971,1000,False,0.790748890655964
da934ee8,MK Lomror,0.1773768873335102,0.27867822987698554,-0.29877796687016717,0.7658483891174799,1000,False,1.064626355987647
68c56d09,KA Jamieson,0.17375627381355785,0.11170145614345707,-0.009326782330480978,0.4208193046902263,998,False,0.4301460870207073
7a8bd078,S Gopal,0.17069717106512866,0.19016947777444512,-0.18224026978646046,0.5845664568002062,1000,False,0.7668067265866667
5574750c,JC Archer,0.17050615342170006,0.1995648670175359,-0.14716647895229967,0.6085348260992981,1000,False,0.7557013050515977
1a156c88,DJM Short,0.15787463986676653,0.19934044824519775,-0.15364727820239288,0.5868566975546042,999,False,0.7405039757569971
26989d80,Shashank Singh,0.15647835153263875,0.2063422040669665,-0.10543082921550011,0.5985724147762237,995,False,0.7040032439917238
4ec07775,RN ten Doeschate,0.15301531870090113,0.12231037851477,-0.01566313720279152,0.4250986725653205,995,False,0.440761809768112
c5aef772,R Shepherd,0.14755514830006633,0.13649615997766293,-0.07712914137874241,0.4653665369265598,955,False,0.5424956783053022
afa7e784,MS Wade,0.14631955176761977,0.08493144872199232,0.0037511045183292245,0.32763336357250283,1000,True,0.3238822590541736
9385de2e,SS Prabhudessai,0.1448307300572597,0.1768322661323583,-0.09824960413170747,0.5815817369851299,991,False,0.6798313411168374
51a3c5ef,MJ McClenaghan,0.14447923577512103,0.1586427400270256,-0.1176721797775926,0.4902300318703239,1000,False,0.6079022116479165
4125d931,J Suchith,0.14288251333339644,0.1684519935547026,-0.1439163089745858,0.5179788153371886,1000,False,0.6618951243117743
2ed569a0,RD Chahar,0.14284329042227517,0.11333085749294597,-0.054321016320120166,0.3885043736545389,1000,False,0.44282538997465903
7c503806,J Botha,0.14081314582570667,0.12663494306914055,-0.05663005538368586,0.42049205803167033,952,False,0.4771221134153562
bb965e9a,PK Garg,0.1392057790890608,0.15801640213515886,-0.11030033462337359,0.5019110948155326,998,False,0.6122114294389063
808f425a,JP Faulkner,0.13558457280915312,0.20984508390729337,-0.26457553001464035,0.5519532919082466,1000,False,0.816528821922887
1c914163,Yuvraj Singh,0.1307994574036722,0.4653551177223175,-0.7688136785518411,1.0891385836504328,1000,False,1.857952262202274
11614d87,D Pretorius,0.1278091079340711,0.08928548577430427,-0.014852040111553637,0.32352755267203825,994,False,0.33837959278359186
e62dd25d,K Rabada,0.12479685716043713,0.16905146147170128,-0.17182117179633014,0.5105615453481475,1000,False,0.6823827171444776
26a85969,R Dhawan,0.12182944400760236,0.1250653712847723,-0.09703396337452895,0.3843166369053415,1000,False,0.4813506002798705
541f85c9,SP Goswami,0.11967849912511584,0.08119481618330654,0.004737375923175801,0.3108861384870855,943,True,0.3061487625639097
33a364a6,R Bhatia,0.11594712638690353,0.10640358946255975,-0.05263772318133146,0.35382011481588704,1000,False,0.4064578379972185
d5130a30,B Sai Sudharsan,0.11101831823576234,0.13661485132966486,-0.10756552323780907,0.41798259871409044,995,False,0.5255481219518995
eef2536f,Avesh Khan,0.11089125290463746,0.09117531357907296,-0.04553115528220913,0.31143891931410295,997,False,0.3569700745963121
759ac88f,MM Sharma,0.1057139732908713,0.1778629106770542,-0.19915276212426283,0.5027352070033897,1000,False,0.7018879691276525
b274dbbd,ER Dwivedi,0.1003034710536433,0.09186206109257682,-0.006064147521658309,0.27462055669262647,862,False,0.28068470421428476
7dc35884,Shakib Al Hasan,0.09440371821403538,0.2600311011254868,-0.36922949143181866,0.6318425235706301,1000,False,1.0010720150024488
8abdf100,CJ Anderson,0.09431382475524087,0.285572755156441,-0.43091742120659515,0.6998094371083325,1000,False,1.1307268583149277
48fd7349,MEK Hussey,0.0917445325815704,0.14485581857392565,-0.1404609805179279,0.43459724549706097,987,False,0.5750582260149889
ffe699c0,CJ Jordan,0.08727040655979522,0.13511779104116328,-0.09866926895053073,0.39239304954978116,996,False,0.4910623185003119
dc9dd038,Sachin Baby,0.0863810075828054,0.16586799873883523,-0.2304699548793538,0.4346549593273451,1000,False,0.6651249142066988
8cf9814c,Mohammed Shami,0.08419486740209806,0.1483481556406558,-0.15392954730476696,0.41879780826457014,1000,False,0.5727273555693371
24d94623,Ankit Sharma,0.07953438243606113,0.0662186816943743,-0.017162173717946386,0.23515918779800649,985,False,0.25232136151595286
2f9d0389,LH Ferguson,0.07497245338067865,0.07364882965821246,-0.02841279046090268,0.24313155828001995,976,False,0.27154434874092265
327b58d3,PVD Chameera,0.07408442573119535,0.10599063982389055,-0.11145803852452861,0.2776926700446831,998,False,0.38915070856921175
9a0146b3,P Sahu,0.07301449981706064,0.06541621553774053,-0.0017432622203936087,0.25090884506266087,869,False,0.2526521072830545
f19ccfad,Washington Sundar,0.07188908120892656,0.3169594816253372,-0.43942987221880647,0.7595055705006765,1000,False,1.198935442719483
fe93fd9d,RA Jadeja,0.06821702101602653,0.610149462031704,-1.1052868793552695,1.2044312779610853,1000,False,2.3097181573163548
85aae393,Iqbal Abdulla,0.06673108047931851,0.11130774706194953,-0.11317802321619473,0.31959760016376076,993,False,0.4327756233799555
8ba8195d,V Sehwag,0.06664222958674597,0.1438390517438074,-0.1561542057161083,0.3787599628301366,1000,False,0.5349141685462449
8fd1a8f5,DW Steyn,0.06634377339517598,0.09448720043581248,-0.052902678787495355,0.27501842962353445,979,False,0.32792110841102984
5afd4539,MS Bisla,0.06060641369867511,0.033490062239500525,0.025182226703323183,0.13460328845414443,873,True,0.10942106175082125
5bb1a1c4,I Sharma,0.060018200753143576,0.0871745932849759,-0.07785599533034769,0.2478665034666497,979,False,0.3257224987969974
18e6906e,A Choudhary,0.05872893403675887,0.04872910797961584,-0.022933004930823033,0.1713825956515028,952,False,0.19431560058232583
2e81a32d,B Kumar,0.05826695555967025,0.1919184585720876,-0.29346050132092116,0.4740967794525047,1000,False,0.7675572807734259
e4a0deae,MJ Santner,0.058162086099451726,0.10019952671305254,-0.12493820745905172,0.25667368885263075,994,False,0.38161189631168246
d014d5ac,SE Rutherford,0.057902325588110704,0.18521281823573846,-0.2722617417569721,0.4503072527457493,999,False,0.7225689945027214
a9da7784,KJ Abbott,0.0574748668475996,0.05862333960970846,-0.017055951607414074,0.18278507542205857,950,False,0.19984102702947265
81049310,J Yadav,0.05641135688783927,0.10321585161498183,-0.1317473266380352,0.2851659260841256,990,False,0.41691325272216084
d2a989fc,DS Kulkarni,0.053642587464823636,0.08600068175517596,-0.11084829507122125,0.2417540984602001,1000,False,0.35260239353142137
a818c1be,TA Boult,0.05191699656219266,0.10118091217086161,-0.12836028577911465,0.28059814274155076,1000,False,0.40895842852066544
6834d1f2,B Stanlake,0.05089978351044816,0.025978559159246174,0.031767960595753285,0.12707184238301314,626,True,0.09530388178725985
529eb9e0,OC McCoy,0.04957622918680565,0.025217276174903377,0.032008676501991636,0.12803470600796651,645,True,0.09602602950597489
2af1b6d2,AN Ahmed,0.04745064010904403,0.032631618105038465,-0.004474582577989793,0.12338333278154164,948,False,0.12785791535953142
896d78ad,AD Mathews,0.04254845179331807,0.11792150568289626,-0.19521262821370447,0.2637212693865322,1000,False,0.4589338976002366
7c7d63a2,AJ Tye,0.04245473512090995,0.1990492857779925,-0.30543530026540205,0.5028005759222016,1000,False,0.8082358761876036
c33d8116,Mohsin Khan,0.03928256130182793,0.07593233549979037,-0.07892636200473449,0.20553714784646715,942,False,0.2844635098512016
cad00a4d,RR Rossouw,0.03921206519078198,0.044172478923080336,-0.029249334604452334,0.12836130199549373,873,False,0.15761063659994606
edb3d4f8,KC Cariappa,0.03916350484313627,0.09208788227268654,-0.1193511368316287,0.22641135824071837,990,False,0.3457624950723471
663b5e34,PN Mankad,0.03884858674895507,0.020507237087104307,0.02446299628453969,0.09785198513815876,653,True,0.07338898885361908
9a46c4e5,GD Phillips,0.03806559867217083,0.06723846524664112,-0.08429626872726736,0.1800072581915242,954,False,0.26430352691879155
be24ead0,Ramandeep Singh,0.03754057489476294,0.10290317755629466,-0.14653103398861103,0.2442894908102361,982,False,0.3908205247988471
872b03f7,A Badoni,0.03545067433536946,0.1628499956155878,-0.2601424124455729,0.37216841213005564,1000,False,0.6323108245756286
9601c534,SD Lad,0.030759904444473157,0.015414097544260083,0.019501182138098032,0.07215437391096138,653,True,0.05265319177286335
378daa89,Aman Hakim Khan,0.026317688690679714,0.01361141575058598,0.016673154180541064,0.06669261672216426,631,True,0.05001946254162319
b8527c3d,Rasikh Salam,0.025904714098020424,0.015357655908840081,0.009506597650216672,0.06329216516744944,871,True,0.05378556751723277
441c72ae,P Ray Barman,0.025699682833587523,0.012644941562534418,0.015987009731440675,0.0639480389257627,637,True,0.047961029194322026
c05edf8e,Harpreet Brar,0.024598941529735085,0.12823624230567454,-0.257607522801268,0.2594947127136792,1000,False,0.5171022355149472
8ac93ca2,P Chopra,0.02424952311994963,0.012498859307886913,0.014836407741368195,0.05934563096547278,621,True,0.04450922322410458
0c9652b0,HR Shokeen,0.024214551439916666,0.03390532902929784,-0.03074947125597566,0.090759121535074,879,False,0.12150859279104965
1a2676c5,SA Abbott,0.021891408874798134,0.04242760144894239,-0.05371377869864288,0.10467011243788914,951,False,0.158383891136532
f24c6701,M Theekshana,0.01809991398786235,0.034282100046558,-0.039067364951994255,0.10187983741522812,853,False,0.14094720236722236
765a4731,Mukesh Choudhary,0.015723346443498615,0.011413434535925401,0.002632206343650753,0.044479920478015876,878,True,0.041847714134365124
66b30f71,AB Dinda,0.015339687444030876,0.007897900234191289,0.009694807558918595,0.03877923023567438,620,True,0.029084422676755785
5bb5a915,M Morkel,0.010518928234299448,0.009817522562214223,-0.002264703674372376,0.03574988019448542,852,False,0.038014583868857796
1399b39c,Anmolpreet Singh,0.009889402807253,0.055400117397628026,-0.110430740292634,0.11800588800741878,957,False,0.2284366283000528
ce820073,Sandeep Sharma,0.009351496777890787,0.054162404603057025,-0.09348810453834625,0.12082008459403563,1000,False,0.21430818913238187
39ed0d2f,KS Sharma,0.007015596460884747,0.003723893320407657,0.004450605659968387,0.017802422639873545,642,True,0.013351816979905158
9219eff0,JDS Neesham,0.005907373021507827,0.03967083125578913,-0.05825034073638738,0.09076574486794785,980,False,0.1490160856043352
f708a0bc,GB Hogg,0.005418175548455733,0.0145746707973836,-0.021663873186392974,0.034108839830603976,868,False,0.05577271301699695
39f01cdb,KP Pietersen,0.0037940479816601464,0.027930771510161063,-0.05077729173881032,0.06056805971470892,981,False,0.11134535145351923
99ed60f8,JPR Scantlebury-Searles,0.0029390887007007013,0.0715745648927809,-0.14343084487099655,0.15560862749370272,879,False,0.2990394723646993
9418198b,P Simran Singh,0.0018937894854246069,0.047842325186672655,-0.08776992541381982,0.10319195222871679,980,False,0.1909618776425366
77b1aa15,Harshit Rana,0.001085563536099417,0.01290078485938256,-0.02432039080258944,0.027064827883366997,884,False,0.05138521868595644
b2b23612,RG More,0.0009554105727185341,0.0004967687224759187,0.0006127089542434078,0.0024508358169736313,649,True,0.0018381268627302235
41eb4a4f,R Vinay Kumar,0.0007609645043981234,0.02540811908182381,-0.048603277865059843,0.052112765618332425,992,False,0.10071604348339228
30a2649b,CM Gautam,-0.0012900763802267989,0.0006349800287547864,-0.002423099983730337,-0.0008076999945767782,648,True,0.0016153999891535588
a12e1d51,SL Malinga,-0.0022406718615995518,0.06315516442487822,-0.12022287412866518,0.12824715496179453,954,False,0.24847002909045973
dfc4d8b5,KW Richardson,-0.0025234597070826975,0.0012634903673814561,-0.004862397656928122,-0.0016207992189760409,650,True,0.0032415984379520813
9eb1455b,NT Ellis,-0.0026130657628603126,0.018488030349328565,-0.040360959509193564,0.03478262760895421,946,False,0.07514358711814778
dec8e038,J Theron,-0.002777838371555885,0.0014663136147924037,-0.007157052869898409,-0.0017892632174746023,619,True,0.005367789652423807
c8f5f961,Anuj Rawat,-0.004106704290261692,0.0658961584105441,-0.10416246717180143,0.14191377974477928,1000,False,0.2460762469165807
c995d726,CA Ingram,-0.005330881374481828,0.2020478793437072,-0.4381571410189097,0.39474699387474854,1000,False,0.8329041348936582
2cdce1be,C Sakariya,-0.006651270860640178,0.023904714796778553,-0.05396741800121779,0.03740065169795322,998,False,0.09136806969917102
5d2eea49,Kartik Tyagi,-0.008875140003062268,0.02190512490052718,-0.051711895018413105,0.03265844603299614,980,False,0.08437034105140925
14f96089,A Zampa,-0.009086017204794844,0.010948886619594802,-0.031701356468184165,0.00879751633560907,865,False,0.04049887280379323
7d92277a,Mujeeb Ur Rahman,-0.011466783884507455,0.0688941834405474,-0.1279032237591929,0.1422351340109232,992,False,0.2701383577701161
30df8c66,Simarjeet Singh,-0.011575353275076418,0.010660673662541203,-0.036339854650345844,0.0029393938470176307,947,False,0.03927924849736347
64775749,RP Meredith,-0.011821262256895861,0.0061388813172116394,-0.029631322686664702,-0.007407830671666176,616,True,0.022223492014998528
dded65e7,IR Jaggi,-0.011833955337827348,0.007745581444595483,-0.028340789542424537,-0.0019815050906434183,860,True,0.02635928445178112
acee4cc4,Imran Tahir,-0.012307691394534345,0.00981423803416866,-0.03333759350228586,0.004181765885107725,994,False,0.037519359387393585
c38d3503,Shivam Mavi,-0.012557207248202699,0.09148306507651834,-0.1600673938765074,0.20638058259094513,1000,False,0.36644797646745253
ba6b2f91,RA Bawa,-0.01257246188916209,0.011076229603170045,-0.034490130978282414,0.0020769780005519324,874,False,0.03656710897883435
1da489ff,S Kaushik,-0.012668327780519278,0.006458892857570656,-0.031164086340077425,-0.007791021585019356,615,True,0.02337306475505807
c8179c68,SB Jakati,-0.013070158981346731,0.006843896869738644,-0.033141706124366274,-0.008285426531091569,613,True,0.024856279593274706
bdadf7da,JL Denly,-0.013091100363141863,0.007020420172280322,-0.032975985345878304,-0.008243996336469576,631,True,0.024731989009408727
b410bd3d,S Lamichhane,-0.01344108468384581,0.006914032690117023,-0.033277631181722896,-0.008319407795430724,627,True,0.024958223386292173
4663bd23,TL Seifert,-0.014055498682349562,0.06840167833297452,-0.15499203971684974,0.1268483998271432,957,False,0.28184043954399296
21d4e29b,Navdeep Saini,-0.014424382931506828,0.011985286199606034,-0.03987491734676311,0.0055194996837255456,979,False,0.04539441703048865
f0f628c7,MM Patel,-0.01461842317160558,0.007460604116901193,-0.03723757031709092,-0.00930939257927273,626,True,0.02792817773781819
7ca5e05d,RS Bopara,-0.01483965627909909,0.17586809119772395,-0.37197552656485333,0.3234779334468272,1000,False,0.6954534600116805
7210d461,Yash Dayal,-0.01522552487821482,0.0077802626487497315,-0.039012467453139514,-0.009753116863284879,622,True,0.029259350589854634
cfa4bd2b,Y Prithvi Raj,-0.016447503287189285,0.008515640614563526,-0.04140349096327079,-0.010350872740817698,618,True,0.031052618222453095
1647bd37,Karanveer Singh,-0.016623932359146873,0.0244658812971111,-0.07060323211997312,0.025582913825744066,946,False,0.09618614594571719
0a67aec0,Akash Deep,-0.016871880133554194,0.008971465240255277,-0.04281685592805294,-0.010704213982013235,630,True,0.0321126419460397
5b7ab5a9,CV Varun,-0.01706849114581885,0.010822159016416658,-0.040183824581337416,0.000665847439802747,992,False,0.04084967202114016
44afbf2d,NJ Maddinson,-0.017196340388117144,0.009189085694053313,-0.043938680755464664,-0.010984670188866166,649,True,0.032954010566598496
b56dc5f7,BE Hendricks,-0.017971953601810507,0.009009302581633544,-0.046931941011981844,-0.011732985252995461,630,True,0.035198955758986385
e4cdf230,AS Roy,-0.020566694809017835,0.01058861880167998,-0.051995114045295804,-0.012998778511323951,663,True,0.03899633553397185
85b3fab2,T Stubbs,-0.021277272558743333,0.012855433608881918,-0.05406148442872729,-0.006601317320713744,833,True,0.04746016710801355
2c76b512,DJ Muthuswami,-0.02190628159805024,0.011713074087026487,-0.05436721214698014,-0.013591803036745035,631,True,0.040775409110235104
ad9c32a2,DJ Malan,-0.022113124157659286,0.011343622562715929,-0.05385580583027956,-0.01346395145756989,618,True,0.040391854372709673
b2a79f17,B Laughlin,-0.023354668741925887,0.014108726164386014,-0.05969963765616148,-0.007150394217356225,853,True,0.05254924343880525
a9fd84fb,M Markande,-0.024349350517667876,0.07640900815294116,-0.19558425369746113,0.0997120699862633,1000,False,0.29529632368372444
0a8fce53,Mustafizur Rahman,-0.026396657626882737,0.048628359916833355,-0.12412125176863971,0.0649259077693747,994,False,0.1890471595380144
23cca426,OF Smith,-0.02682374393941711,0.20004428646118855,-0.3930018120519009,0.4099652136017941,999,False,0.8029670256536949
f846de6a,MN Samuels,-0.026876341683481096,0.048261185727621066,-0.1247499791907436,0.06493560516773761,978,False,0.1896855843584812
b0946605,AS Joseph,-0.027693973654596794,0.015559445921448081,-0.06381512960769826,-0.002404066596048632,980,True,0.061411063011649634
9170ff49,Parvez Rasool,-0.028184676768426894,0.020808251218210092,-0.07119424463010715,-0.0038032763835316634,867,True,0.06739096824657549
a2f46292,KK Ahmed,-0.028251881830862465,0.013698693771618487,-0.06005257750507867,-0.007181119783344481,978,True,0.05287145772173419
983f2f61,Swapnil Singh,-0.028385370740710125,0.015057947989030918,-0.06225460539626988,-0.005553182417150975,948,True,0.056701422979118905
f18ba07f,Ankit Soni,-0.02931492807963074,0.08848500507756099,-0.2219247388282258,0.13379730291050318,958,False,0.355722041738729
e412cb64,HF Gurney,-0.030239615819259345,0.01551442194858693,-0.07721286360482386,-0.019303215901205966,616,True,0.057909647703617895
acc1aeda,SP Jackson,-0.0304896874303162,0.06703200432759696,-0.15480134835434972,0.10501508046055943,1000,False,0.2598164288149092
f6d8a7ab,K Kartikeya,-0.031152692074458435,0.01617785606991163,-0.07808772458948686,-0.019521931147371715,616,True,0.05856579344211514
aa5d8c9e,A Tomar,-0.0317941355480088,0.016518697441276417,-0.08101235751363213,-0.020253089378408033,630,True,0.0607592681352241
0c94f480,UBT Chand,-0.03210034549340423,0.06034463240974836,-0.15512897873633402,0.08381674184571508,998,False,0.2389457205820491
03806cf8,JR Hazlewood,-0.03235132272023811,0.04738023403704624,-0.1327199208565902,0.058062563862686115,996,False,0.19078248471927634
b4f5c2d9,KL Nagarkoti,-0.03376226900625205,0.017094784157714562,-0.06351383030192694,-0.02117127676730898,644,True,0.04234255353461795
9948e262,HE van der Dussen,-0.03400819824994696,0.03086979217200624,-0.09732007016120046,0.002629778681389192,944,False,0.09994984884258966
5b16a806,A Dananjaya,-0.03415165125834184,0.018632407811608645,-0.0852249832805963,-0.02130624582014907,622,True,0.06391873746044723
a97c8ec2,PWH de Silva,-0.034229936467908555,0.08630140034812787,-0.20281701127508958,0.12552468457427576,1000,False,0.32834169584936534
be869ccf,GHS Garton,-0.0344184733333416,0.01967288002250862,-0.07881161988986025,-0.011521753023107173,881,True,0.06728986686675308
60500956,RV Patel,-0.03524600341529432,0.0748490230846139,-0.20618306831796387,0.0961682038114584,951,False,0.30235127212942225
dce2019b,F Behardien,-0.036107271061602934,0.01972316377966735,-0.08077876287508635,-0.006791388605034454,937,True,0.0739873742700519
9a963804,LE Plunkett,-0.03613284881031435,0.01987106966747486,-0.07944928457617255,-0.013548938333849101,860,True,0.06590034624232345
030f3089,K Yadav,-0.036528674345580645,0.018511948940913698,-0.09512066799589201,-0.023780166998973003,651,True,0.071340500996919
8d2c70ad,Kuldeep Yadav,-0.03682707805937233,0.1270664689951883,-0.2892054582361537,0.22394779012151905,1000,False,0.5131532483576727
2e78f685,KR Sen,-0.03758107276262505,0.018650061114848997,-0.07194944944415095,-0.023983149814716977,642,True,0.047966299629433974
3fb19989,MA Starc,-0.03767571916851129,0.06326151653092277,-0.17578100906804894,0.0658609644711019,960,False,0.24164197353915084
81c36ee9,M Jansen,-0.037971567190288796,0.04031032628024858,-0.1227523864036716,0.03807947624768533,978,False,0.16083186265135693
81c08fa3,Umran Malik,-0.038620687976524924,0.02213140851539189,-0.0852659072066632,-0.00024316172356688315,985,True,0.08502274548309632
5fa06777,IK Pathan,-0.03879967793737579,0.023270383342644193,-0.09369150620819573,-0.00483834502313845,980,True,0.08885316118505729
626c5379,R Sathish,-0.03913351641595706,0.036173457379858824,-0.12533099589721863,0.01380933393553102,941,False,0.13914032983274965
462411b3,JJ Bumrah,-0.039233510687843164,0.08679985409943689,-0.20929597426618737,0.1325621618865956,1000,False,0.34185813615278293
e86754b2,TK Curran,-0.04013336618929488,0.07353848325835921,-0.1946298611034808,0.09875727249144747,996,False,0.2933871335949283
33ffc3dd,R Sanjay Yadav,-0.04188430742187206,0.020709743718716287,-0.08111274919641127,-0.027037583065470428,621,True,0.05407516613094085
871e9faf,Basil Thampi,-0.04193609778448792,0.06699834055614087,-0.17252742625325568,0.09550828099644744,1000,False,0.2680357072497031
14b14cd8,DM Bravo,-0.044260753981341876,0.02265450196737476,-0.11062986467774208,-0.02765746616943552,628,True,0.08297239850830657
245c97cb,TS Mills,-0.04434992549349685,0.05307845221044285,-0.1547444216593243,0.05399179772859683,995,False,0.20873621938792114
db31895a,AS Rajpoot,-0.04475852238525346,0.033628117850767435,-0.1249127512705855,0.01008736711319943,982,False,0.13500011838378492
d8b2f218,BB Sran,-0.04631468211735854,0.028165851196542843,-0.1093768140064752,-0.002415274308075965,999,True,0.10696153969839924
9a158001,Azhar Mahmood,-0.04697920594394503,0.02465658226599372,-0.11466724376693417,-0.028666810941733543,634,True,0.08600043282520063
a03bba42,T Shamsi,-0.048505167095232886,0.02585081644319146,-0.12074084646797698,-0.030185211616994244,636,True,0.09055563485098272
91a4a398,Z Khan,-0.05119361304779095,0.03227271185460179,-0.12522684478507176,0.0025689474080769856,997,False,0.12779579219314874
faa7365d,DR Shorey,-0.052898265117762536,0.028993651979479833,-0.12091997987531776,-0.021743736913798037,848,True,0.09917624296151972
b52ffbbd,FA Allen,-0.05313368959092536,0.02831761149790761,-0.1168245842468832,-0.010807613872363366,950,True,0.10601697037451983
957532de,S Aravind,-0.05354697078653044,0.07367503473451496,-0.21601615257781553,0.07751102071692476,1000,False,0.2935271732947403
96fd40ae,A Nehra,-0.054265141672826755,0.029890057666958687,-0.1229538812578485,-0.008160958895360155,993,True,0.11479292236248834
2f49c897,Mohammed Siraj,-0.05447518316445778,0.11097866058227553,-0.26542006895138776,0.17347672703306213,1000,False,0.43889679598444986
ad427b5c,Lalit Yadav,-0.0545434209935334,0.17621044613119768,-0.4190833562057268,0.2796469074423965,1000,False,0.6987302636481233
244048f6,Arshdeep Singh,-0.055128699522068635,0.08367764998345012,-0.22724360999715285,0.1042402536091986,998,False,0.33148386360635146
69be866a,Anureet Singh,-0.05522182923161175,0.08894736868777563,-0.24269302407856147,0.11146607722113507,1000,False,0.3541591012996965
1ee08e9a,JA Richardson,-0.05611418079308406,0.03342748830686755,-0.1443219498711771,-0.01522261887416537,875,True,0.12909933099701174
df064e1a,Ravi Bishnoi,-0.057198573194476396,0.04117371325271145,-0.16111643712472629,-0.00992158086178344,853,True,0.15119485626294285
acdc62f5,A Nortje,-0.059166324959362304,0.02898687269035228,-0.11111156301423553,-0.037037187671411835,636,True,0.07407437534282368
56ab442f,NM Coulter-Nile,-0.06169879914041965,0.05101290669596419,-0.16193934810000865,0.028118953302090834,1000,False,0.19005830140209948
ff1e68fa,B Indrajith,-0.06568704565339728,0.04291483631303611,-0.17336761972532358,-0.009457953031819694,957,True,0.16390966669350387
a316d663,GC Viljoen,-0.06724085675111313,0.03925127118608618,-0.15822888059512333,-0.015039173280782742,963,True,0.14318970731434058
8d92a2c3,MA Wood,-0.06796546398798904,0.035154373476814535,-0.1689212136176807,-0.042230303404420175,617,True,0.1266909102132605
e9c7f0d0,Fazalhaq Farooqi,-0.0706752990868475,0.03397524687441053,-0.17177831989405987,-0.04294457997351497,621,True,0.1288337399205449
94253925,GH Vihari,-0.0711242661767317,0.08686908728034073,-0.25719873048923464,0.06933589205523995,995,False,0.3265346225444746
c03c6200,DJG Sammy,-0.07135021803409455,0.03981493003628567,-0.16680307502716132,-0.024326487111438665,866,True,0.14247658791572265
0494fa6e,Vishnu Vinod,-0.07341035387163633,0.07437432253853901,-0.24169416159967733,0.05713111679712707,951,False,0.2988252783968044
4c5d73db,CR Woakes,-0.07418500511368517,0.0841752853509196,-0.2481249356084035,0.08642719751101821,1000,False,0.3345521331194217
76388dc8,S Badree,-0.07455685839285768,0.042017825478919364,-0.16452141206219192,-0.007207093666597433,988,True,0.15731431839559448
350bb1b1,AF Milne,-0.07571783310051847,0.03440511791493058,-0.15040714021441742,-0.0163764614624854,1000,True,0.13403067875193203
afe3355a,AR Bawne,-0.07776334097381733,0.04201287442273625,-0.19287757800592487,-0.048219394501481216,630,True,0.14465818350444365
caf69bf7,DR Sams,-0.08031918075700906,0.12318286458478973,-0.3276320402651446,0.1410989642692254,1000,False,0.46873100453437
f5180fe6,MG Johnson,-0.08984089904774936,0.1558605893553711,-0.4047806129942322,0.20799928535768114,1000,False,0.6127798983519133
7c3b3b78,VG Arora,-0.09055524246072238,0.054231153328644616,-0.21662083338399055,-0.011620585395146876,983,True,0.20500024798884367
7f048519,DJ Willey,-0.09075865474532818,0.05821293608118873,-0.23310567936462762,-0.019433451895204353,865,True,0.21367222746942327
235c2bb6,H Klaasen,-0.09197742172805749,0.1132814773793481,-0.34510014403270484,0.06818497802021836,997,False,0.4132851220529232
641ac5ff,IS Sodhi,-0.0940270152573386,0.05159251142214101,-0.21283559691175702,-0.03631857289317108,849,True,0.17651702401858593
2a2e6343,DT Christian,-0.09851206386376517,0.1623736754327869,-0.4102469101761398,0.22394254646590211,1000,False,0.6341894566420418
6aed7e79,PV Tambe,-0.0996105105769423,0.08515843885009076,-0.2927361485748256,0.0037396642169602767,935,False,0.29647581279178586
0a3d54b9,VR Aaron,-0.10027861436835483,0.07620993476719597,-0.26346105540622944,0.026940267432729304,980,False,0.29040132283895875
26d76ad9,Virat Singh,-0.10045090216775143,0.07517340490400522,-0.2648885383153491,-0.01059461299100474,854,True,0.25429392532434436
6b19d823,A Mishra,-0.10164119212267686,0.13130349916914363,-0.3750128934893982,0.15238377826237756,1000,False,0.5273966717517757
dcf81436,S Kaul,-0.10275585945776484,0.07095002197670355,-0.26290350422133957,0.019122735218818188,1000,False,0.28202623944015776
98ae73b1,PP Chawla,-0.10374020690601785,0.19767843233743518,-0.47609682590561836,0.29178378231328295,1000,False,0.7678806082189014
85e0cf10,M Prasidh Krishna,-0.10942623264115617,0.05407295704618679,-0.23017697352957397,-0.02084706825647964,996,True,0.20932990527309434
e2db2409,M Ashwin,-0.1177113022030867,0.07861245487131019,-0.2780215217267715,0.024378735905745016,1000,False,0.30240025763251654
75224f22,KMA Paul,-0.11805869793867378,0.096204704975759,-0.335648846833168,0.03624594565585041,990,False,0.3718947924890184
855a210c,AP Tare,-0.12122577759648819,0.05826362583549911,-0.25204985873211205,-0.031557109730467374,1000,True,0.22049274900164467
ada15e88,PSP Handscomb,-0.12786466902713176,0.06524998712693567,-0.3105284819230343,-0.07763212048075857,629,True,0.2328963614422757
9fc0ef64,PJ Sangwan,-0.12849233132830587,0.07642495377307645,-0.3012032264686537,-0.01146027989436917,994,True,0.28974294657428457
e938e1bc,P Kumar,-0.13203595464851764,0.06778675881132638,-0.27132907059377676,-0.018916358770350788,1000,True,0.25241271182342595
9d80c5e1,S Nadeem,-0.13388543403292005,0.06423128550566753,-0.2660639869193026,-0.032660533431647855,999,True,0.23340345348765476
eade4650,DJ Mitchell,-0.13541053989317686,0.07414480363861453,-0.3174858657885282,-0.05560470151394534,857,True,0.26188116427458286
b63e358a,RK Bhui,-0.14939109807645556,0.0930885730927394,-0.3955422105530999,-0.035156258826618075,856,True,0.3603859517264818
bd54eef5,N Jagadeesan,-0.1710985228332605,0.1097224347071888,-0.40794748082885696,-0.03446798659111889,871,True,0.3734794942377381
ff1e12a0,AJ Turner,-0.1826953182515192,0.11095924148700755,-0.4402868043931422,-0.019130088990905122,977,True,0.4211567154022371
f10e94c4,AD Nath,-0.21189026134908262,0.12723732732417622,-0.48927295098015466,-0.0015984828021929293,1000,True,0.48767446817796173
aedc3b7c,NS Naik,-0.21721692588823194,0.11564883918051096,-0.48199045529067447,-0.04015417694785242,944,True,0.441836278342822
57ee1fde,YS Chahal,-0.24392198670676146,0.08150366915553127,-0.4132098775898515,-0.0993788088775191,1000,True,0.3138310687123324
890946a0,NV Ojha,-0.32022117619043133,0.26060519856075104,-0.840299970744374,0.16863473435770052,1000,False,1.0089347051020745
