bowler_id,bowler_name,mean_war,std_war,ci_lower,ci_upper,n_samples,significant,ci_width
462411b3,JJ Bumrah,9.24364823581276,1.2273963151285459,6.833783111541698,11.677966237016069,1000,True,4.844183125474371
9d430b40,SP Narine,8.20316170993187,1.1056790130922236,6.271833104269888,10.492177963882552,1000,True,4.2203448596126645
5f547c8b,Rashid Khan,7.475019550489192,1.0120799389011343,5.571337885262122,9.474927355023533,1000,True,3.9035894697614113
2e81a32d,B Kumar,6.948138879758799,1.0755403091918603,4.832161883224788,9.07218647615641,1000,True,4.240024592931623
57ee1fde,YS Chahal,6.351002333806998,1.0257556705007516,4.463966283752001,8.347747973206143,1000,True,3.8837816894541426
495d42a5,R Ashwin,5.380085044617285,0.8744534380818142,3.705079329614639,7.17970785778195,1000,True,3.474628528167311
87e562a9,DJ Bravo,5.050293956095683,1.0363153626533697,3.017526732029355,7.078409368345629,1000,True,4.060882636316274
ce820073,Sandeep Sharma,4.367980410098876,0.8769119168785464,2.7106535400128595,6.195659404300346,1000,True,3.4850058642874866
2e171977,AR Patel,4.083446565675901,0.8394406316405547,2.4889221590677675,5.6595421785987075,1000,True,3.17062001953094
5b8c830e,KH Pandya,3.998964024576108,0.8459024957208916,2.4509490600325794,5.751866992608342,1000,True,3.3009179325757625
fe93fd9d,RA Jadeja,3.7433603528992294,0.8507218289896178,2.0934341249584176,5.508013221168841,1000,True,3.414579096210423
6b19d823,A Mishra,3.6381605945662705,0.7642592584125044,2.204102293206577,5.154900239500306,1000,True,2.9507979462937293
f986ca1a,HV Patel,3.6343902421786707,0.811022037085947,2.0489013429688328,5.253538933770835,1000,True,3.204637590802002
fb66ce1f,CH Morris,3.6291705184946754,0.7715134862476124,2.1929699146357904,5.110415303554424,1000,True,2.9174453889186336
0a8fce53,Mustafizur Rahman,3.598056551920274,0.8220910347899382,2.0826277973903005,5.27281326495998,1000,True,3.19018546756968
51a3c5ef,MJ McClenaghan,3.5110449689815257,0.8161286283776648,1.9387223156502398,5.1662332279597605,1000,True,3.227510912309521
cc1e8c68,UT Yadav,3.1282289278824993,0.7525142561253516,1.6246263303195627,4.658597738250798,1000,True,3.0339714079312348
2ed569a0,RD Chahar,2.9495121993000586,0.7114948259563348,1.6316387712145708,4.314875543584728,1000,True,2.683236772370157
acee4cc4,Imran Tahir,2.6423867803233403,0.6934217252752957,1.3590326786580984,3.9877610599793973,1000,True,2.6287283813212987
a12e1d51,SL Malinga,2.633513906676875,0.6628809426910874,1.3639753490712627,4.0863448119076216,1000,True,2.722369462836359
e62dd25d,K Rabada,2.629583915252577,0.6977566015972713,1.2993186736844302,3.978386696581362,1000,True,2.6790680228969315
85e0cf10,M Prasidh Krishna,2.6029380533496567,0.665547856317411,1.3908796185308077,3.970420321623654,1000,True,2.5795407030928468
dbe50b21,HH Pandya,2.51477928526603,0.6639077253300815,1.314321913426962,3.817868377831169,1000,True,2.5035464644042067
8b5b6769,Harbhajan Singh,2.471784265575405,0.6768945687376579,1.2333981280329513,3.8020159014290713,1000,True,2.56861777339612
2f49c897,Mohammed Siraj,2.4501095016930665,0.635601015145465,1.2416383062718916,3.627614577375721,1000,True,2.3859762711038295
8cf9814c,Mohammed Shami,2.4472365222709787,0.745319807455669,1.061307503582104,4.013228882038257,1000,True,2.951921378456153
e2db2409,M Ashwin,2.4203205724403722,0.6109348193575493,1.2577059468921592,3.6102802854830887,1000,True,2.3525743385909292
8d2c70ad,Kuldeep Yadav,2.246781248500577,0.6634848905252372,1.0222231512347524,3.5773780512549522,1000,True,2.5551549000201996
5574750c,JC Archer,2.0909144503637505,0.6579861473632809,0.8613124822933285,3.4529325046502968,1000,True,2.5916200223569685
7c7d63a2,AJ Tye,2.065635639737054,0.5403368279118728,1.070394654044218,3.125386325602341,1000,True,2.054991671558123
a818c1be,TA Boult,2.062618952447484,0.7156230351877928,0.7531396367823656,3.5179761570723875,1000,True,2.764836520290022
4329fbb5,SR Watson,2.0287560397650095,0.6920880423971195,0.6215690260217444,3.375137509903727,1000,True,2.7535684838819825
bbd41817,AD Russell,1.9656810172388164,0.711632691012547,0.5305507374935385,3.3121302323517767,1000,True,2.781579494858238
13c35c9e,TG Southee,1.9315144274557767,0.5799779453099753,0.8041537179553955,3.0568139656580726,1000,True,2.252660247702677
91a4a398,Z Khan,1.922090830530958,0.5138900325450201,0.9989813952095676,3.022931132469974,1000,True,2.0239497372604065
dcf81436,S Kaul,1.880707965989309,0.6218704119465405,0.6876234105886285,3.127380099095954,1000,True,2.439756688507326
244048f6,Arshdeep Singh,1.865600100737739,0.5414370984958656,0.8431888923681476,2.9493087636034394,1000,True,2.1061198712352915
bb351c23,MM Ali,1.8195400065041905,0.5229180085110043,0.8410819406340972,2.91049463890934,1000,True,2.0694126982752428
56ab442f,NM Coulter-Nile,1.7796196704389364,0.5586964622285291,0.7118735606711006,2.8597955960535213,1000,True,2.147922035382421
e087956b,BA Stokes,1.7462764055080164,0.570774600441973,0.668642107001805,2.930842528074024,1000,True,2.262200421072219
eef2536f,Avesh Khan,1.733099441202023,0.5791566900524806,0.6240026811707511,2.8565462660191754,1000,True,2.2325435848484245
98ae73b1,PP Chawla,1.6876417640558863,0.6175702082138642,0.507795367742522,2.890204067595717,1000,True,2.382408699853195
23eeb873,DL Chahar,1.6393760992862578,0.5414774571643501,0.6571357618768074,2.758768205440552,1000,True,2.1016324435637443
5b7ab5a9,CV Varun,1.6060776619430113,0.4706717417680241,0.7275863811903028,2.577820887990946,1000,True,1.8502345068006432
a2f46292,KK Ahmed,1.5567784427447526,0.46382725334135044,0.7003413177477436,2.4942536923104046,1000,True,1.793912374562661
32198ae0,MC Henriques,1.5426243106006794,0.528334718346734,0.5481187702575555,2.6700742647264812,1000,True,2.1219554944689256
df064e1a,Ravi Bishnoi,1.4487268645359666,0.44357522739586247,0.5656419751146042,2.3339914817951275,1000,True,1.7683495066805233
d2a989fc,DS Kulkarni,1.4412110788601,0.537067573108893,0.390583660033754,2.549589498306012,1000,True,2.1590058382722583
759ac88f,MM Sharma,1.435705735330152,0.6750562449823821,0.125658300572663,2.7971920378013966,1000,True,2.6715337372287338
2cdce1be,C Sakariya,1.4076328671671676,0.4574925788154235,0.595531888235658,2.3180730920339605,1000,True,1.7225412037983026
1abb78f8,SN Thakur,1.3591523271929011,0.6867635285880311,0.062329468048926605,2.793381297566618,1000,True,2.7310518295176913
96fd40ae,A Nehra,1.3444309638981553,0.5519443244897035,0.30689522669715197,2.415241902573823,1000,True,2.108346675876671
2f9d0389,LH Ferguson,1.3437060856743308,0.5230506165358806,0.29300509264651253,2.3714674068999795,1000,True,2.078462314253467
0f721006,JO Holder,1.337901263191086,0.4831374334864535,0.44169688743285335,2.273466862406842,1000,True,1.8317699749739886
7a8bd078,S Gopal,1.276520887633297,0.5921614266222768,0.2101843206241542,2.441506770155324,1000,True,2.2313224495311696
e938e1bc,P Kumar,1.269177167264484,0.48374897822095553,0.34238832334639907,2.2229963716199315,1000,True,1.8806080482735323
2a2e6343,DT Christian,1.145800459232741,0.4393817934141553,0.3916704916744041,2.0822229528450604,1000,True,1.6905524611706564
a97c8ec2,PWH de Silva,1.0919215586526483,0.44172005140087217,0.323466236533221,2.0821538146105776,1000,True,1.7586875780773565
b681e71e,GJ Maxwell,1.0658031312758873,0.4282420383595474,0.2844657642383184,1.921037704366448,1000,True,1.6365719401281296
f62772e5,P Negi,1.01461280123484,0.47453187023383636,0.1316174646508308,1.921221180504635,1000,True,1.7896037158538043
33a364a6,R Bhatia,1.0123617652884918,0.36378435453417046,0.3913088223827988,1.7778312067565916,1000,True,1.3865223843737928
957532de,S Aravind,0.9990026960675834,0.4495479580982079,0.13245302899170566,1.9095965146488276,1000,True,1.777143485657122
c33d8116,Mohsin Khan,0.967624806808844,0.3876513616122272,0.2852702899734982,1.7914822928569334,1000,True,1.5062120028834352
ded9240e,PJ Cummins,0.9600118249416946,0.4555632092815018,0.11804419793149724,1.9167240327477912,1000,True,1.798679834816294
acdc62f5,A Nortje,0.959592917196966,0.3500196063213443,0.3503371120669651,1.6877285050762338,1000,True,1.3373913930092687
3fb19989,MA Starc,0.9479871689736125,0.33263215389206685,0.3976193790054504,1.6891102053512255,1000,True,1.291490826345775
db31895a,AS Rajpoot,0.9222137462154255,0.4333111171194096,0.11439525618681953,1.7732415129331651,1000,True,1.6588462567463456
f5180fe6,MG Johnson,0.9206704154164036,0.39489545677881144,0.15581047420621405,1.709547700577058,1000,True,1.553737226370844
7d92277a,Mujeeb Ur Rahman,0.9179567602294785,0.42594747596791704,0.11398250664374583,1.7305644729259988,1000,True,1.616581966282253
f834dcfc,L Ngidi,0.9004949457321837,0.47924940978017677,0.018192753371029543,1.9246223414449963,1000,True,1.9064295880739668
81c08fa3,Umran Malik,0.8695765721604801,0.43883775598617614,0.04884199267384983,1.7809994603538877,1000,True,1.7321574676800378
7dc35884,Shakib Al Hasan,0.8654150517852088,0.43814135253345865,0.050918383408266,1.7571480880447514,1000,True,1.7062297046364854
5bb5a915,M Morkel,0.8466824711690843,0.30081957434812523,0.32487651529207445,1.4796913802102323,1000,True,1.1548148649181578
c38d3503,Shivam Mavi,0.8197902905793842,0.5332544440933661,-0.21244141023328653,1.8890747343550713,1000,False,2.101516144588358
4c5d73db,CR Woakes,0.8197308520818201,0.3875285773519737,0.16356342465534962,1.6973423152843816,1000,True,1.533778890629032
0a3d54b9,VR Aaron,0.7978019394037109,0.39413971222884975,0.07685200888657216,1.6060753572804027,1000,True,1.5292233483938307
39a2dfa8,R Tewatia,0.7971089428981258,0.4568229649929208,0.006826289101789465,1.7610196110972298,1000,True,1.7541933219954404
03806cf8,JR Hazlewood,0.7903526848983176,0.4404187400607561,-0.03989489697318413,1.6832081236564893,1000,False,1.7231030206296734
1e66c162,JD Unadkat,0.7500537019864115,0.6433350446597674,-0.4671622602700713,2.055831526714204,1000,False,2.5229937869842756
bd17b45f,STR Binny,0.7434537886912214,0.23966757550250206,0.25982027402845453,1.218678649180988,1000,True,0.9588583751525335
21d4e29b,Navdeep Saini,0.7187753336038827,0.431217202586756,-0.049879693250135124,1.631589424647685,1000,False,1.68146911789782
f19ccfad,Washington Sundar,0.7154312244093909,0.42890933662798314,-0.08911075706419942,1.568017277898455,1000,False,1.6571280349626543
64775749,RP Meredith,0.708348489346766,0.40636482574210675,-0.019067392280660376,1.5352859383752346,1000,False,1.554353330655895
e4a0deae,MJ Santner,0.7019344163979072,0.3973602112024924,0.02720962328779657,1.5997464712624725,1000,True,1.572536847974676
75224f22,KMA Paul,0.6930852479883084,0.4673191231959435,-0.10271380795006137,1.7343373594533698,1000,False,1.837051167403431
ce794613,T Natarajan,0.6789695186993093,0.325692791019151,0.037971506164937864,1.3900463302313775,1000,True,1.3520748240664395
81049310,J Yadav,0.6766901938416934,0.31092028353144896,0.11708428813813912,1.3445564292322372,1000,True,1.227472141094098
caf69bf7,DR Sams,0.6717277036712345,0.46420444179265624,-0.18597143022707233,1.5715942064732018,1000,False,1.757565636700274
69be866a,Anureet Singh,0.6571579279905582,0.46726190633511966,-0.23321771527284274,1.5972129511482838,1000,False,1.8304306664211265
5bb1a1c4,I Sharma,0.6516940916201241,0.45762432157560873,-0.23245911674223205,1.587807255675791,1000,False,1.820266372418023
529eb9e0,OC McCoy,0.5892469401097555,0.4260847976748377,-0.15361549223784965,1.5398012374170302,1000,False,1.6934167296548799
26a85969,R Dhawan,0.5838467946883851,0.2800463646975334,0.07712055665428715,1.194008015232078,1000,True,1.1168874585777908
94d7f855,C de Grandhomme,0.5781664143549731,0.33955543068579636,-0.04192562328109222,1.3224479280557515,1000,False,1.3643735513368438
641ac5ff,IS Sodhi,0.5650323423818612,0.27177130028230573,0.09500522809327666,1.1728221697874464,998,True,1.0778169416941696
5d2eea49,Kartik Tyagi,0.5620423644976901,0.2547732922633761,0.13809852419085827,1.0934109243196115,997,True,0.9553124001287532
e342e5fb,CR Brathwaite,0.5561899224400692,0.2625208080353405,0.0744556793776803,1.11900793517714,1000,True,1.0445522557994598
64839cb3,M Pathirana,0.5175815737082737,0.28635012583278885,0.18845056165304436,1.1957500822964717,871,True,1.0072995206434274
ffe699c0,CJ Jordan,0.5102018599940141,0.4275816951541637,-0.30391996221769807,1.3582988418401902,1000,False,1.6622188040578882
119678fd,KV Sharma,0.5073130455211455,0.5218143151319241,-0.49122969866355026,1.5246746575876038,1000,False,2.015904356251154
14f96089,A Zampa,0.5068418063164407,0.2655350479070001,0.04349252063333143,1.0705171175836183,1000,True,1.027024596950287
7ca5e05d,RS Bopara,0.49804967117454274,0.2910322211459009,0.028614009780723173,1.121077380926455,999,True,1.0924633711457317
3d8feaf8,MR Marsh,0.48480116429772413,0.2242949715700529,0.10972737229389373,0.9640257738986129,1000,True,0.8542984016047191
85aae393,Iqbal Abdulla,0.4737927871629896,0.25710932857318664,0.006940269665592975,1.0099726373554956,1000,True,1.0030323676899027
aa8d28ae,D Wiese,0.46526744672847925,0.22545815130100036,0.05519932813435942,0.9501018164333174,1000,True,0.8949024882989579
f708a0bc,GB Hogg,0.4614837891584426,0.34729736195485233,-0.18236056186481595,1.2071964398774135,1000,False,1.3895570017422294
c05edf8e,Harpreet Brar,0.4395013383062798,0.2570019027144247,-0.051353565118547294,0.9608671522783626,1000,False,1.01222071739691
896d78ad,AD Mathews,0.4316126231405782,0.24002538573383161,-0.0012362214126041674,0.9170831179244355,1000,False,0.9183193393370397
6aed7e79,PV Tambe,0.4310949185925195,0.2853235408703237,-0.12464532904675135,1.0034546303826786,1000,False,1.1280999594294299
0994d0ae,V Shankar,0.4233214398477666,0.2645972970491142,-0.029659377882036674,0.99499645215939,1000,False,1.0246558300414268
f24c6701,M Theekshana,0.41696760809420214,0.2136884042959574,0.06319536146903705,0.890924809692401,1000,True,0.8277294482233639
7210d461,Yash Dayal,0.389622675263915,0.26377708111446896,-0.07241010432409477,0.9488187105740802,999,False,1.021228814898175
62af8546,Mohammad Nabi,0.38740533958321743,0.34103780257879096,-0.22277099405611336,1.1126992937620719,1000,False,1.3354702878181852
81c36ee9,M Jansen,0.37730261642420343,0.3131149200052633,-0.23688952026668006,1.0085025315246003,1000,False,1.2453920517912804
ad427b5c,Lalit Yadav,0.370564211211985,0.28392964063693954,-0.14356849732362648,0.9310600812959527,1000,False,1.0746285786195793
808f425a,JP Faulkner,0.36690633749863666,0.3624165437828483,-0.29515092643960233,1.058118242854108,1000,False,1.3532691692937104
a9fd84fb,M Markande,0.34684209497347634,0.28206202215842,-0.20388508517474258,0.9015507321660107,1000,False,1.1054358173407532
a757b0d8,KA Pollard,0.3451631114440358,0.3125095273263103,-0.30039364872348956,0.9600899004048306,1000,False,1.2604835491283202
871e9faf,Basil Thampi,0.3427513152627561,0.47641287045468517,-0.7037090316191164,1.198393375590629,1000,False,1.9021024072097454
c7a995d3,R Sai Kishore,0.33804607921411445,0.2636176645849451,-0.06323513849195385,0.9237754393418143,991,False,0.9870105778337681
b0946605,AS Joseph,0.3331475301682682,0.3780596009319116,-0.4710110643918501,1.03594527805082,1000,False,1.5069563424426702
e412cb64,HF Gurney,0.3310251198250426,0.24970182076152497,-0.05655417126825663,0.8799018799186729,1000,False,0.9364560511869295
73ad96ed,DJ Hooda,0.3301905070727706,0.44554395391930757,-0.5093611821474511,1.2545985747387849,1000,False,1.763959756886236
fb2d1dda,N Rana,0.31974019683128624,0.17420455765244905,0.019145425269604884,0.6885779866843319,1000,True,0.6694325614147271
db584dad,CH Gayle,0.31811886817472707,0.18139970424541063,0.01856729933427049,0.7285773363998478,993,True,0.7100100370655773
d8b2f218,BB Sran,0.30770349448887957,0.39853171031084306,-0.45783427730835874,1.0933775187543988,1000,False,1.5512117960627576
012829ff,JW Hastings,0.2936579594163022,0.16476753213756803,0.11049541897146554,0.6875156106076467,867,True,0.5770201916361811
11614d87,D Pretorius,0.2916313685056078,0.3193854508634757,-0.23707963467293847,1.0271557699177996,998,False,1.264235404590738
1da489ff,S Kaushik,0.28470807124948055,0.3822224361058757,-0.4468989770836074,1.0263040283089682,1000,False,1.4732030053925755
c695b423,PH Solanki,0.27751516568817625,0.23756460562000795,-0.007354575264973713,0.7298177785026467,871,False,0.7371723537676205
24d94623,Ankit Sharma,0.27648123493498217,0.2304826393384781,-0.12005254016787348,0.7728927152052425,999,False,0.892945255373116
76388dc8,S Badree,0.2687331099169417,0.26075217434259423,-0.18920452443802305,0.8246558362556643,999,False,1.0138603606936873
6834d1f2,B Stanlake,0.26258976306695,0.1872105809956713,-0.06441854832022116,0.6759757670046215,997,False,0.7403943153248427
30df8c66,Simarjeet Singh,0.26230121190783157,0.17632199262038797,-0.03613762950548503,0.635230034077346,998,False,0.6713676635828311
18e6906e,A Choudhary,0.25990606230130303,0.20352840313700918,-0.056571809069014614,0.7081196914575134,994,False,0.764691500526528
2e8994e7,JP Duminy,0.25811030821664466,0.22163174763197813,-0.1643196905960726,0.7112660867484968,1000,False,0.8755857773445694
f18ba07f,Ankit Soni,0.24552434926571426,0.31890867729772043,-0.3112952529469854,0.931285714300652,997,False,1.2425809672476373
e0407c01,IC Pandey,0.2453927961288368,0.15503149327360874,0.026698098587711386,0.6252449607960902,1000,True,0.5985468622083787
9a0146b3,P Sahu,0.24429371366858857,0.2185500543951308,-0.08475177843523475,0.7408743213668799,993,False,0.8256260998021147
1dc12ab9,SK Raina,0.24349763541937383,0.2661082625505654,-0.28632998769137474,0.7919686489701143,1000,False,1.078298636661489
9a963804,LE Plunkett,0.2420175831126466,0.3876113265292838,-0.5453509209873784,0.9579406023754307,999,False,1.503291523362809
6eb146d2,Gurkeerat Singh,0.2299800706711076,0.15365517021889707,0.024044234518006108,0.6040392194527424,998,True,0.5799949849347363
41eb4a4f,R Vinay Kumar,0.22655187753940254,0.3535441430044232,-0.4517464599550429,0.9187558633744567,1000,False,1.3705023233294997
a316d663,GC Viljoen,0.2261797227758557,0.19855486167721634,-0.1463652847385518,0.6332084180166689,998,False,0.7795737027552208
90de905a,K Gowtham,0.22565631933100172,0.45871420557844006,-0.6694371574135821,1.1513232388412027,1000,False,1.820760396254785
b822e99c,NB Singh,0.21640169386824037,0.11550968512548607,0.08083786516915044,0.4735154838535101,854,True,0.3926776186843597
765a4731,Mukesh Choudhary,0.21451535732844265,0.27995198918268893,-0.3111602032403855,0.763668024760148,1000,False,1.0748282280005335
e94915e6,SM Curran,0.2109454116594465,0.4239029790266332,-0.6055577950219256,1.0133883029527189,1000,False,1.6189460979746446
d014d5ac,SE Rutherford,0.2069962490302219,0.10247617459154384,0.03789838481806828,0.43365723493637215,998,True,0.39575885011830386
cdc6bdba,S Sandeep Warrier,0.20403241791518667,0.1549342538559592,-0.01731126239313032,0.5694753600047452,979,False,0.5867866223978755
d167edd3,SM Boland,0.20369833854090336,0.1226422079448071,0.0560025461391645,0.5111577451272818,863,True,0.45515519898811735
9eb1455b,NT Ellis,0.19762926658113733,0.19063498421505648,-0.12156798197271806,0.6086116686306677,996,False,0.7301796506033857
be24ead0,Ramandeep Singh,0.19741638558249489,0.15063528218926917,0.016683534362285042,0.5177527219915226,929,True,0.5010691876292375
b56dc5f7,BE Hendricks,0.1884495695074226,0.10741395520801478,0.02095620465550071,0.4211889651056647,977,True,0.40023276045016404
4125d931,J Suchith,0.18797285526885568,0.3613546343570062,-0.5432319299765062,0.8711243758411681,1000,False,1.4143563058176742
d4eef961,M de Lange,0.1809061843691679,0.09404701180599008,0.11297768572858818,0.45191074291435274,637,True,0.33893305718576455
66b30f71,AB Dinda,0.17655703020360405,0.31029660229069067,-0.44987178622084123,0.7993137537239255,1000,False,1.2491855399447669
c18496e1,Bipul Sharma,0.1755248082541046,0.2455542105179843,-0.2830215519485069,0.6870060169412059,1000,False,0.9700275688897129
327b58d3,PVD Chameera,0.17433434286080984,0.41300296909891865,-0.6607203430641184,1.0441354095894595,1000,False,1.704855752653578
cedc1d9a,P Suyal,0.1729193162064048,0.09958983874515602,0.01183164847187542,0.3910292882170212,949,True,0.3791976397451458
2c76b512,DJ Muthuswami,0.17037436830859448,0.14968388581832473,-0.09916225340724297,0.4748889043576175,999,False,0.5740511577648605
1c2a64cd,A Ashish Reddy,0.16793669393876084,0.13730379040146792,-0.07714001907414851,0.4679628024995552,999,False,0.5451028215737037
f9e6e7ef,Shahbaz Ahmed,0.15152468243492628,0.31656981515275257,-0.48627672253204735,0.7730862923673125,1000,False,1.25936301489936
60500956,RV Patel,0.14803863014127072,0.07347243830037899,0.09652058075740987,0.28956174227222964,637,True,0.19304116151481976
d9273ee7,MP Stoinis,0.14609125623076924,0.40259777805167285,-0.6302007316085493,0.990820927959739,1000,False,1.6210216595682883
1a156c88,DJM Short,0.1415977866834938,0.1294976899043897,-0.020895420170933803,0.49153547299371636,835,False,0.5124308931646502
f29185a1,Abhishek Sharma,0.13704859770345695,0.15783210957496527,-0.16163018496875184,0.4590925648904456,1000,False,0.6207227498591974
e4cdf230,AS Roy,0.13561439822054824,0.10129961174637857,-0.022260107250613528,0.36000919058977515,950,False,0.38226929784038866
fa2f1dde,K Khejroliya,0.13178783788765255,0.2061542429701386,-0.22733782600837021,0.6039856849100492,995,False,0.8313235109184194
c8179c68,SB Jakati,0.12645642645947394,0.25420230943701033,-0.3411934912344116,0.6808906443838807,999,False,1.0220841356182924
35205dfc,DR Smith,0.12645276328860122,0.38928762834884856,-0.6016354729998729,0.9123370778597788,1000,False,1.5139725508596515
c6097d68,O Thomas,0.11896281782794935,0.11769951845745558,-0.08672175746044157,0.37309238086634716,986,False,0.45981413832678875
f6d8a7ab,K Kartikeya,0.11775704122714817,0.17721945856723298,-0.1266794055011251,0.515193184167538,974,False,0.6418725896686631
da934ee8,MK Lomror,0.116771904325062,0.09701444065316409,-0.05347501106183477,0.30579457644426766,1000,False,0.35926958750610244
7f048519,DJ Willey,0.1150434004385739,0.15447377936573475,-0.18744326167724776,0.4194955633659804,999,False,0.6069388250432282
245c97cb,TS Mills,0.11419614041049285,0.2735911101798713,-0.4657301073437541,0.6317138830298475,1000,False,1.0974439903736015
b410bd3d,S Lamichhane,0.10889388017527718,0.24100080604055812,-0.3399480876212215,0.5987529655441302,1000,False,0.9387010531653517
b2a79f17,B Laughlin,0.10383111909613964,0.14067824050931707,-0.14157337471839535,0.41595595317046197,1000,False,0.5575293278888573
b2b23612,RG More,0.10254401405726,0.16581478719606002,-0.16799848238780135,0.4494771726588938,879,False,0.6174756550466951
e9c7f0d0,Fazalhaq Farooqi,0.10102290313111732,0.16025110496739595,-0.19148870640219592,0.42793558719672015,952,False,0.619424293598916
4ec07775,RN ten Doeschate,0.1007793242318136,0.05143768872113134,0.06268713917990787,0.2507485567196315,627,True,0.1880614175397236
983f2f61,Swapnil Singh,0.09980037673070415,0.056507697507918064,0.005441470788425162,0.22183503065030807,997,True,0.2163935598618829
4933f499,JP Behrendorff,0.09153711027060404,0.15096315952838046,-0.20421290436326464,0.4102673368453686,991,False,0.6144802412086332
8abdf100,CJ Anderson,0.08069861283328832,0.21916595438977352,-0.38445371528506195,0.4735689760794324,1000,False,0.8580226913644944
2af1b6d2,AN Ahmed,0.07944929371280868,0.3000709418086975,-0.5493473673494944,0.6217435454780891,948,False,1.1710909128275835
f0f628c7,MM Patel,0.07647113130416366,0.05203023730215999,0.013493775623427223,0.20198428804436047,866,True,0.18849051242093326
7c503806,J Botha,0.0763470753344055,0.10438302702472671,-0.07355522567165043,0.3121402971803497,982,False,0.38569552285200015
dec8e038,J Theron,0.0760951017238399,0.04016766591577579,0.04901443076696868,0.19605772306787472,619,True,0.14704329230090604
872b03f7,A Badoni,0.07530637977965854,0.043174652701076316,0.023487974496932403,0.1771796337862512,850,True,0.1536916592893188
626c5379,R Sathish,0.0722409966901229,0.12620270269686668,-0.1361437405265064,0.3354336297647202,943,False,0.4715773702912266
ba607b88,V Kohli,0.07015581800160246,0.04676317548367677,-6.84662087368082e-05,0.1705566877524126,938,False,0.17062515396114938
c03c6200,DJG Sammy,0.06626580607147847,0.03747684142657429,0.02118884061434061,0.15646391208005198,866,True,0.13527507146571136
2e78f685,KR Sen,0.06586670666005995,0.21790696464295561,-0.40677244478334307,0.4824690399939038,998,False,0.8892414847772468
fef92afc,SC Kuggeleijn,0.06366466517231727,0.09232183120261563,-0.09210296798803659,0.24939330074190524,860,False,0.3414962687299418
4b57e452,M Vijay,0.06328318478907094,0.07614801144894036,-0.05212195694534156,0.2268047386124655,945,False,0.2789266955578071
be869ccf,GHS Garton,0.06107297294215422,0.17510155734106383,-0.2439100270769247,0.4457015392685375,998,False,0.6896115663454622
9d80c5e1,S Nadeem,0.053900579703947474,0.3619332330476579,-0.617615908230325,0.7872884246118075,1000,False,1.4049043328421325
c3d1402f,RP Singh,0.05237299188425151,0.06680565903343103,-0.05914650320209709,0.19347235872379684,985,False,0.25261886192589394
dc9dd038,Sachin Baby,0.04096387292228024,0.022660879430151687,0.013282638438669406,0.09551992883529206,852,True,0.08223729039662266
85ec8e33,SS Iyer,0.039370669183870555,0.019845434772193478,0.024620742597348984,0.07386222779204696,656,True,0.049241485194697975
b8527c3d,Rasikh Salam,0.0383943065760523,0.07937525420462241,-0.07733127009723946,0.21790294936949817,958,False,0.2952342194667376
a24be938,VR Iyer,0.038355476441612496,0.13064059264262387,-0.2066660394145319,0.2982008320059896,1000,False,0.5048668714205216
26989d80,Shashank Singh,0.03754756492905021,0.02321342062640879,0.010029162633517798,0.09146816759728953,858,True,0.08143900496377172
0c9652b0,HR Shokeen,0.03667366412580702,0.23896337903199846,-0.49629892183870195,0.45983604288036695,991,False,0.9561349647190689
46a9bea1,TU Deshpande,0.03496003206520429,0.019672899749263218,0.014256570283487178,0.07703848381659358,862,True,0.0627819135331064
50c6bc2b,LS Livingstone,0.03317451304532357,0.18192159888511705,-0.312316153592012,0.4057494860471061,1000,False,0.7180656396391181
af2c687b,C Munro,0.029317474147478696,0.017266495204971692,0.008514972125510249,0.07561271164983459,860,True,0.06709773952432434
b0482a1d,Tilak Varma,0.029288497189899766,0.01781628296800153,0.008077496538702133,0.0711571371336306,858,True,0.06307964059492847
8fd1a8f5,DW Steyn,0.02922045975441784,0.14266487988902288,-0.26133648082384164,0.31337262872220534,999,False,0.574709109546047
9170ff49,Parvez Rasool,0.028883995460209887,0.14935575898360182,-0.24042109481004453,0.32388358938786715,999,False,0.5643046841979117
3c6ffae8,YK Pathan,0.028780497523857074,0.2022572983804174,-0.3693395017651487,0.4162011557556663,1000,False,0.785540657520815
26e5cabf,MK Tiwary,0.02114668676727646,0.010811180269414952,0.013984464882539738,0.05593785953015895,617,True,0.04195339464761921
d3611425,LI Meriwala,0.017527493176956843,0.008632762079617927,0.01108666737096668,0.033260002112900026,630,True,0.022173334741933344
d027ba9f,KS Williamson,0.016768350359309563,0.008824992721996789,0.010591420497221555,0.04236568198888623,631,True,0.03177426149166468
2e11c706,BCJ Cutting,0.01341543981190068,0.20636391540146082,-0.36039952253433977,0.47300630815909395,1000,False,0.8334058306934338
b52ffbbd,FA Allen,0.010088702131800202,0.216381519373765,-0.3507945939509379,0.47614783934336413,984,False,0.8269424332943021
9219eff0,JDS Neesham,0.010038953948728689,0.1547335443392875,-0.25841430887300254,0.333746727669003,978,False,0.5921610365420056
9a46c4e5,GD Phillips,0.009292076940524387,0.10370375922436191,-0.1879628106979354,0.20886629800116702,869,False,0.39682910869910243
cfa4bd2b,Y Prithvi Raj,0.008385353719591508,0.10220200711964535,-0.17966256188328053,0.21942913082208776,881,False,0.39909169270536826
c28e9f12,Tejas Baroka,-0.002417401693924374,0.0012276491474459393,-0.006240092515271733,-0.0015600231288179333,615,True,0.0046800693864538
dfc4d8b5,KW Richardson,-0.004911445904231828,0.12671195090231033,-0.26477706222995034,0.2527161493588177,991,False,0.517493211588768
249abedf,Jalaj S Saxena,-0.005571337524016562,0.0027440336632573235,-0.01057211638593504,-0.0035240387953116813,630,True,0.007048077590623359
94253925,GH Vihari,-0.008036676097961179,0.004134029549562142,-0.01989731851301741,-0.004974329628254353,627,True,0.014922988884763058
5fa06777,IK Pathan,-0.010560560637225274,0.11515428578937144,-0.23377335400696492,0.20422426548905853,976,False,0.43799761949602345
a4e37e47,S Dube,-0.016094740348269247,0.19552616291048772,-0.3951841015169069,0.3727356580363975,1000,False,0.7679197595533045
7c3b3b78,VG Arora,-0.016321828252124238,0.18118876698485925,-0.3988650405509157,0.3390250185382833,993,False,0.737890059089199
1c914163,Yuvraj Singh,-0.018412471692606132,0.12316655655737464,-0.2656587219917326,0.209378781215743,1000,False,0.4750375032074756
fdf7491e,IC Porel,-0.02395465323107798,0.012784669857345707,-0.059956675923399844,-0.01498916898084997,642,True,0.044967506942549876
8e514b4c,Abdul Samad,-0.024333144972448893,0.015110306108359069,-0.05956595977155448,-0.006252859116740181,865,True,0.0533131006548143
77255a9e,RA Tripathi,-0.025025666074689996,0.01280918082784862,-0.06255171460658834,-0.015637928651647082,628,True,0.046913785954941264
030f3089,K Yadav,-0.027971507936312385,0.014175360480335172,-0.07283780666615744,-0.01820945166653936,651,True,0.05462835499961808
33ffc3dd,R Sanjay Yadav,-0.028218160783554075,0.013952501879875066,-0.05464702031160213,-0.018215673437200715,621,True,0.036431346874401416
740742ef,RG Sharma,-0.030789087395515214,0.021014566696654764,-0.08728858394822972,-0.005101339482080008,884,True,0.08218724446614971
6a26221c,AK Markram,-0.03384072420804263,0.10096722501617973,-0.24128133948545183,0.15855201226802257,999,False,0.3998333517534744
a03bba42,T Shamsi,-0.03565361855162578,0.21672409375653112,-0.4834180478967506,0.4416063405124524,995,False,0.925024388409203
f088b960,SN Khan,-0.037113385109149195,0.018913356966572148,-0.0984625324492474,-0.02461563311231185,648,True,0.07384689933693554
1558d83b,GS Sandhu,-0.03949590859897071,0.08372083108406421,-0.20774021417287714,0.09747275940949138,878,False,0.30521297358236854
350bb1b1,AF Milne,-0.04256821657799533,0.18589644979258851,-0.41460139253909967,0.29649600157268396,1000,False,0.7110973941117836
1cb14aa4,CJ Dala,-0.04295862270121748,0.02105066917417509,-0.08233736017733351,-0.027445786725777833,644,True,0.054891573451555674
1a2676c5,SA Abbott,-0.04312753649264229,0.08736042623650689,-0.23068254834025165,0.12927334187334952,951,False,0.3599558902136012
844e79d1,D Brevis,-0.04423868872829749,0.02354005014194837,-0.11236626936987562,-0.028091567342468905,635,True,0.08427470202740672
b483905d,Akash Singh,-0.04526559465629104,0.022909681452862495,-0.11274031851340272,-0.02818507962835068,632,True,0.08455523888505204
9fc0ef64,PJ Sangwan,-0.04594835922539378,0.2625355253955618,-0.5253411229322111,0.5411148255550625,1000,False,1.0664559484872735
1ee08e9a,JA Richardson,-0.0469589645824738,0.159503019007992,-0.42426071415651595,0.2278569178337756,964,False,0.6521176319902915
c5aef772,R Shepherd,-0.04995539776790589,0.11609770214953874,-0.29361586691226443,0.17594240970327352,955,False,0.46955827661553795
cd8d2859,DG Nalkande,-0.053120011320508684,0.06424069769384046,-0.18894475561763538,0.04209924674816765,873,False,0.23104400236580303
fb693839,S Ladda,-0.05376154059518321,0.02781841991847838,-0.13626687517194952,-0.03406671879298738,640,True,0.10220015637896214
77b1aa15,Harshit Rana,-0.058010958695791356,0.08782755705612479,-0.23724290960241684,0.090584127465869,884,False,0.32782703706828586
0f12f9df,NLTC Perera,-0.05836207810629636,0.2182171392388071,-0.45541136606523025,0.3932433892065056,1000,False,0.8486547552717358
edb3d4f8,KC Cariappa,-0.060289390185182444,0.34296475270866233,-0.7843895221245735,0.554591223911978,1000,False,1.3389807460365515
ae78bc32,MS Gony,-0.06338270384177573,0.030514393973182573,-0.12160415473913673,-0.040534718246378915,644,True,0.08106943649275782
378daa89,Aman Hakim Khan,-0.06432616561018316,0.03326926593182662,-0.16301128714869706,-0.040752821787174265,631,True,0.1222584653615228
c3a96caf,Mandeep Singh,-0.06485355695810904,0.08429842029709252,-0.23662378738947035,0.06940786214330309,868,False,0.30603164953277345
650d5e49,R Powell,-0.07301781845461605,0.03993124066560263,-0.18133469924206794,-0.045333674810516984,637,True,0.13600102443155096
68c56d09,KA Jamieson,-0.07448092319354344,0.19553290171221996,-0.47471184379022485,0.29047404374750274,999,False,0.7651858875377275
e86754b2,TK Curran,-0.07464822395354553,0.17223807790861603,-0.42121537678628684,0.27114154993497996,1000,False,0.6923569267212668
6c19c6e5,YBK Jaiswal,-0.07540216843311928,0.03829351544372891,-0.14806243983230694,-0.04935414661076898,648,True,0.09870829322153796
6c6591ab,PP Ojha,-0.0786776553369965,0.03984162736784846,-0.19934841976624693,-0.04983710494156173,629,True,0.1495113148246852
f846de6a,MN Samuels,-0.08322604985036525,0.047711537560588026,-0.1882442753562536,-0.0241564273787336,866,True,0.16408784797752
b51f72a5,SS Agarwal,-0.08504268969046284,0.04242874617725783,-0.2086897532385147,-0.05217243830962868,646,True,0.15651731492888604
eade4650,DJ Mitchell,-0.08894411144924365,0.12930476971749613,-0.35067247860238887,0.09823481014201868,857,False,0.44890728874440755
ade90de7,S Midhun,-0.09609187837212144,0.04866588996566346,-0.24596436670577124,-0.06149109167644281,638,True,0.18447327502932842
12b610c2,TM Head,-0.096874296166541,0.05814612506428803,-0.2280707742786083,0.001621886582727643,992,False,0.22969266086133594
b4f5c2d9,KL Nagarkoti,-0.10626898544968118,0.061243105843248276,-0.25642824935355013,-0.02994203794948299,868,True,0.22648621140406713
798cc28e,KM Asif,-0.10911462035916615,0.1408568367984984,-0.4294412225545364,0.11919659869135708,948,False,0.5486378212458934
99ed60f8,JPR Scantlebury-Searles,-0.11878204705632778,0.06315635455024617,-0.26253099693781845,-0.02813548311511062,945,True,0.23439551382270785
5b16a806,A Dananjaya,-0.12480933085811097,0.06809329170208983,-0.31145999516046147,-0.07786499879011537,622,True,0.2335949963703461
a9da7784,KJ Abbott,-0.12736142673586276,0.10300717638068596,-0.3617101813871416,0.04691709433117382,991,False,0.4086272757183154
9a158001,Azhar Mahmood,-0.1315106406472737,0.06902208891827742,-0.3209922855452224,-0.0802480713863056,634,True,0.2407442141589168
c3d35165,JA Morkel,-0.1316720019618008,0.1527132454290895,-0.4565558921550681,0.14785570156490002,999,False,0.6044115937199681
8d92a2c3,MA Wood,-0.14981181743870578,0.0774884812441114,-0.37234195915279544,-0.09308548978819886,617,True,0.2792564693645966
249d60c9,AU Rashid,-0.16075437849181815,0.08579509113804891,-0.4023559882719191,-0.10058899706797977,642,True,0.30176699120393935
0a67aec0,Akash Deep,-0.1738160167954527,0.21813589151575674,-0.6046103285565188,0.2870700070641067,995,False,0.8916803356206254
1647bd37,Karanveer Singh,-0.1889955080838259,0.19700709625130955,-0.5897700773308333,0.1776958597500574,981,False,0.7674659370808907
e84ac20c,MJ Henry,-0.22447791634441874,0.16299403170652,-0.6165170590702751,-0.025060377291188093,870,True,0.5914566817790871
6f49cc6e,Shivam Sharma,-0.22651852741495773,0.11313191040628866,-0.43002058474046806,-0.14334019491348937,629,True,0.2866803898269787
23cca426,OF Smith,-0.24048118501955432,0.20306060818041982,-0.702313926851428,0.069547730539467,999,False,0.771861657390895
441c72ae,P Ray Barman,-0.25426097622041166,0.1251033021208397,-0.6326728197359462,-0.15816820493398656,637,True,0.4745046148019597
04a418e8,R Parag,-0.4121852940474024,0.17554846720293127,-0.808213784313129,-0.11743630655114745,1000,True,0.6907774777619815
