canonical_venue,t20_matches,latitude,longitude,altitude_m,boundary_straight_m_min,boundary_straight_m_max,boundary_square_m_min,boundary_square_m_max,dimensions_source,dimensions_obs_date,climate_normals_source,notes,coord_source
"Wankhede Stadium, Mumbai",175,18.93889,72.82583,6,68,72,64,68,https://www.mykhel.com/cricket/ipl-2023-wankhede-stadium-mumbai-ipl-stats-and-records-pitch-report-weather-forecast-schedule-211830.html,2023-03-29,,"It has around 64 to 68 metres across the square boundaries, while the length is around 68 to 72 metres in the straighter boundaries.",wikipedia:Wankhede Stadium
"Eden Gardens, Kolkata",145,22.56472,88.34333,5,76,78,66,68,https://thesportsrush.com/cricket-news-eden-gardens-boundary-dimensions-and-ground-size-is-eden-gardens-a-small-ground/,2023-01-12,,"boundary size of the Eden Gardens is around 66-68 metre for the square boundaries; ""the straight boundaries at this stadium ... mostly measured to be around 76-78 metre""",manual:approx_known
"Edgbaston, Birmingham",127,52.45583,-1.90250,111,59,60,,50,https://www.mykhel.com/cricket/india-vs-england-2nd-t20i-birmingham-edgbaston-stadium-pitch-report-weather-forecast-stats-boundary-193358.html,2022-07-07,,"The straight and side boundaries measure up to 59-60 meter; ""the square boundary is less than 50 meter and is one of the shortest in international cricket"" — square given only as upper bound (<50m), so square_min left empty",wikipedia:Edgbaston Cricket Ground
"M Chinnaswamy Stadium, Bengaluru",116,12.97889,77.59944,929,60,65,50,55,https://thesportsrush.com/cricket-news-m-chinnaswamy-stadium-boundary-length-ground-size-chinnaswamy-stadium-bengaluru-boundary-dimensions/,2022-06-19,,"the boundary sideways ranges from 50-55 metres, whereas the front and back boundaries are around 60-65 metres — sideways mapped to square, front/back to straight",wikipedia:M. Chinnaswamy Stadium
"Gahanga International Cricket Stadium, Rwanda",115,-2.02944,30.10722,1505,65,70,70,75,https://pitch-report.com/gahanga-international-cricket-stadium-kigali-city-pitch-report/,,,"Straight boundaries ""approximately 65 to 70 meters""; square boundaries ""around 70 to 75 meters"" — source unusually lists square LONGER than straight; no publication date visible on page",wikipedia:Rwanda Cricket Stadium
"Gaddafi Stadium, Lahore",109,31.51306,74.33333,214,75,80,75,80,https://thesportsrush.com/cricket-news-gaddafi-stadium-boundary-length-what-is-gaddafi-stadium-lahore-boundary-size-and-ground-dimension/,2022-09-28,,"The square and straight boundary cushions at the Gaddafi Stadium from the centre-pitch can comfortably cover the distance of 75-80 meters — single 75-80m range applied to both directions; boundaries ""significantly reduced"" for PSL matches",manual:approx_known
"Kennington Oval, London",104,51.48361,-0.11500,5,66,68,67,70,https://www.mykhel.com/cricket/india-vs-england-1st-odi-london-kennington-oval-pitch-report-weather-forecast-boundary-length-stats-193530.html,2022-07-10,,"Boundary length: Onside: 67M, Off-side: 70M, Vauxhall End: 68M, Pavilion End: 66M — ends mapped to straight, onside/offside to square",wikipedia:The Oval
"Kingsmead, Durban",103,-29.85000,31.02778,7,,,,,https://sportsistan.com/cricket/cricket-grounds/kingsmead-cricket-stadium/,2024-11-06,,"Non-directional only: ""At Kingsmead Stadium, the shortest boundary is 58 meters, and the longest is up to 68 meters"" — no straight/square split given",wikipedia:Kingsmead Cricket Ground
"Trent Bridge, Nottingham",100,52.93694,-1.13222,26,66,70,60,72,https://www.mykhel.com/cricket/india-vs-england-3rd-t20i-nottingham-trent-bridge-stadium-pitch-report-weather-boundary-length-stats-193438.html,2022-07-08,,"On-side: 72M, Off-side: 60M, Straight boundaries: 66M, 70M — on/off-side mapped to square (60-72m asymmetric), straight 66-70m",wikipedia:Trent Bridge
"R Premadasa Stadium, Colombo",99,6.93972,79.87194,3,,,,,https://sportsistan.com/cricket/cricket-grounds/r-premadasa-stadium/,2024-08-08,,"Non-directional only: ""The boundary length ranges from 68 meters (shortest) to 75 meters (longest)"" — no straight/square split given",wikipedia:R. Premadasa Stadium
"MA Chidambaram Stadium, Chepauk, Chennai",93,13.06278,80.27944,2,66,66,68,68,https://www.mykhel.com/cricket/ipl-2023-ma-chidambaram-stadium-chennai-ipl-stats-and-records-pitch-report-weather-forecast-schedule-211754.html,2023-03-28,,It is around 68 metres on either square from the pitch and around 66 metres on the straight side from the pitch — single values recorded as min=max,wikipedia:M. A. Chidambaram Stadium
"Sheikh Zayed Stadium, Abu Dhabi",91,24.39639,54.54056,5,73,73,65,65,https://cricketboundary.com/grounds/sheikh-zayed-stadium/,,,"Dimensions measured from current satellite imagery; straight 73 m, square 65 m, stated accuracy ±2 m; single values recorded as min=max; no date visible on page",wikipedia:Sheikh Zayed Cricket Stadium
"The Rose Bowl, Southampton",90,50.92400,-1.32190,45,,,,,https://thesportsrush.com/cricket-news-southampton-cricket-stadium-boundary-size-rose-bowl-stadium-boundary-length/,2022-07-07,,"Non-directional only: ""The biggest boundary at this stadium is around 82 metres, whereas the smallest boundary is around 76 metres"" — no straight/square split given",wikipedia:Rose Bowl (cricket ground)
"Sophia Gardens, Cardiff",88,51.48722,-3.19139,10,60,60,72,74,https://thesportsrush.com/cricket-news-cardiff-cricket-ground-dimensions-sophia-gardens-cardiff-cricket-ground-boundary-length/,2022-07-28,,"The straighter boundary is the smallest on this ground, and it is just 60 metres; square from square-leg (74m) and point (72m); angled positions: mid-wicket ~84m, cover ~75m, fine-leg/third-man ~79m",wikipedia:Sophia Gardens (cricket ground)
"Old Trafford, Manchester",87,53.45639,-2.28639,26,70,73,65,77,https://www.itsonlycricket.com/manchester-cricket-ground-old-trafford,,,The boundaries on the square side ... can reach up to 77 and 65 metres. The straight boundaries are measured at 73 metres and 70 metres. — no date visible on page,wikipedia:Old Trafford Cricket Ground
"Riverside Ground, Chester-le-Street",87,54.84972,-1.56083,9,72,72,74,82,https://www.itsonlycricket.com/durham-cricket-ground,,,"Behind the bowler's arm, the two straight boundaries both measure 72 metres; ""On the square sides, there is a wide range of measurements from 74 metres up to 82 metres"". No article date visible.",wikipedia:Riverside Ground
"Sawai Mansingh Stadium, Jaipur",87,26.89403,75.80322,431,75,,72,72,https://thesportsrush.com/cricket-news-sawai-mansingh-stadium-dimensions-jaipur-cricket-stadium-boundary-length-in-meter/,2023-04-19,,"The square boundaries here are around 72 metres, whereas the mid-wicket and straight boundaries are more than 75 metres here. Straight given only as lower bound (>75), straight_max empty.",wikipedia:Sawai Mansingh Stadium
"Bellerive Oval, Hobart",86,-42.87722,147.37361,14,,,60,64,https://fantasykhiladi.com/cricket/pitch-report/bellerive-oval-hobart-pitch-report-and-weather-records/,2026-03-02,,"the boundary size here for square boundaries is around 60-64 metres. Longest boundary 75-78m direction-unspecified. CONFLICT: thesportslite.com (2022) claims square 56m / straight 60m — implausible, not used.",wikipedia:Bellerive Oval
"SuperSport Park, Centurion",83,-25.85972,28.19528,1423,72,75,65,68,https://thecricketstadiums.com/supersport-park-cricket-stadium/,,,"The straight boundaries vary between 72-75 meters and ""square boundaries range between 65-68 meters"". No article date visible. Secondary (fantasykhiladi 2026-03-11): shortest 60m / longest 74m direction-unspecified.",wikipedia:Centurion Park
"Headingley, Leeds",78,53.81694,-1.58222,74,70,70,66,75,https://thesportsrush.com/cricket-news-headingley-leeds-cricket-ground-boundary-size-leeds-headingley-ground-dimension-and-length/,2022-08-09,,"The straighter boundary from one end of the ground is around 70 metres; side boundaries ~66m one side, ~75m the other.",wikipedia:Headingley Cricket Ground
"Arun Jaitley Stadium, Delhi",77,28.63778,77.24306,211,68,68,65,65,https://thesportsrush.com/cricket-news-arun-jaitley-stadium-boundary-length-what-is-feroz-shah-kotla-delhi-ground-dimension-and-boundary-size-in-metre/,2022-10-10,,"This ground's straight boundaries are around 68 metres and ""the square boundaries are around 65 metres"".",wikipedia:Arun Jaitley Cricket Stadium
"Grace Road, Leicester",76,52.60778,-1.14278,68,73,73,63,63,https://www.perfectlineup.in/cricket-ground/grace-road-leicester/36710,,,63 M square boundary and 73 M straight boundary. No publication date on page.,wikipedia:Grace Road
"St Lawrence Ground, Canterbury",74,51.26700,1.09100,40,,,,,,,,"No ground-specific published dimensions found (agents checked ESPNcricinfo, Kent Cricket official, aggregators — only generic ICC-limit numbers exist). Leave for a manual/broadcast pass.",wikipedia:St Lawrence Ground
"The Cooper Associates County Ground, Taunton",74,51.01889,-3.10083,14,,,,,https://www.swlondoner.co.uk/sport/12052025-upwards-trajectory-but-no-guarantee-of-trophies-t20-run-rates-explained,2025-05-12,,"Non-directional only: ""the shortest side is 64 metres"" — no straight/square split given, columns left empty","wikipedia:County Ground, Taunton"
"County Ground, New Road, Worcester",73,52.18917,-2.22694,19,,,,,,,,"No published numeric dimensions found (qualitative ""short boundaries"" only). Leave for a manual/broadcast pass.","wikipedia:New Road, Worcester"
"Newlands, Cape Town",73,-33.97917,18.45000,58,77,77,,,https://fantasykhiladi.com/cricket/pitch-report/newlands-cape-town/,2026-01-16,,"The size of the straight boundary is 77 meters. Also, the shortest boundary is 59 meters. Shortest-boundary direction unspecified, square columns left empty.","wikipedia:Newlands, Cape Town"
"Rajiv Gandhi International Stadium, Uppal, Hyderabad",73,17.40639,78.55028,496,69,71,66,69,https://thesportsrush.com/cricket-news-hyderabad-cricket-stadium-boundary-length-rajiv-gandhi-international-stadium-ground-size-in-metres/,2023-01-18,,"The straighter boundaries in Hyderabad are around 69-71 metres and ""the square boundaries are around 66-69 metres"". Behind-wicket boundaries 55-58m.",wikipedia:Rajiv Gandhi International Cricket Stadium
"Brisbane Cricket Ground, Woolloongabba, Brisbane",72,-27.48583,153.03806,13,,,,,https://www.mykhel.com/cricket/t20-world-cup-2022-brisbane-cricket-ground-pitch-report-capacity-boundary-length-weather-stats-199933.html,2022-10-17,,"Non-directional only: ""Boundary length: 82x72 M"" — axes not identified as straight vs square, columns left empty",wikipedia:The Gabba
"Docklands Stadium, Melbourne",72,-37.81639,144.94750,21,85,85,70,70,https://www.perfectlineup.in/cricket-ground/docklands-stadium-melbourne/264,,,70 M square boundary and 85 M straight boundary. No publication date on page.,wikipedia:Docklands Stadium
"Hagley Oval, Christchurch",59,-43.53400,172.61900,11,63,63,74,74,https://thesportsrush.com/cricket-news-christchurch-cricket-ground-dimensions-hagley-oval-cricket-ground-boundary-length-in-meters/,2022-11-29,,"The straight boundaries at this ground are quite small, and they are just 63 meters; ""square boundaries are around 74 meters"". CONFLICT: other snippets claim the reverse (83.6 straight / 77.5 square); only the loaded source recorded.",wikipedia:Hagley Oval
"Lord's, London",59,51.52940,-0.17270,48,,,,,,,,,wikipedia:Lord's
"St George's Park, Port Elizabeth",59,-33.96639,25.61028,73,,,,,,,,,wikipedia:St George's Park Cricket Ground
"New Wanderers Stadium, Johannesburg",58,-26.13111,28.05750,1619,,,,,,,,"Same physical ground as 'The Wanderers Stadium, Johannesburg' — two I7 canonicals for one venue; dedupe on any physical join",wikipedia:Wanderers Stadium
"Terdthai Cricket Ground, Bangkok",52,13.69360,100.85160,1,,,,,,,,,wikipedia:Terdthai Cricket Ground
"Narendra Modi Stadium, Ahmedabad",47,23.09194,72.59778,54,,,,,,,,,manual:approx_known
"Basin Reserve, Wellington",45,-41.30028,174.78028,8,,,,,,,,,wikipedia:Basin Reserve
"Dr. Y.S. Rajasekhara Reddy ACA-VDCA Cricket Stadium, Visakhapatnam",45,17.79700,83.35200,55,,,,,,,,,wikipedia:ACA–VDCA Cricket Stadium
"Senwes Park, Potchefstroom",45,-26.69566,27.10077,1335,,,,,,,,,wikipedia:JB Marks Oval
"Central Broward Regional Park Stadium Turf Ground, Lauderhill",42,26.13996,-80.19869,2,,,,,,,,,wikipedia:Central Broward Park
"Seddon Park, Hamilton",42,-37.78667,175.27417,39,,,,,,,,,wikipedia:Seddon Park
"The Wanderers Stadium, Johannesburg",42,-26.13111,28.05750,1619,,,,,,,,"Same physical ground as 'New Wanderers Stadium, Johannesburg' — two I7 canonicals for one venue; dedupe on any physical join",wikipedia:Wanderers Stadium
"ICC Academy, Dubai",41,25.04167,55.21944,18,,,,,,,,,wikipedia:Dubai Sports City
"Eden Park Outer Oval, Auckland",40,-36.87500,174.74472,49,,,,,,,,,wikipedia:Eden Park
"Maharashtra Cricket Association Stadium, Pune",39,18.67444,73.70667,590,,,,,,,,,wikipedia:Maharashtra Cricket Association Stadium
"Mahinda Rajapaksa International Cricket Stadium, Sooriyawewa, Hambantota",39,6.35403,81.02681,81,,,,,,,,,wikipedia:Mahinda Rajapaksa International Cricket Stadium
"Boland Park, Paarl",38,-33.74139,18.99833,145,,,,,,,,,wikipedia:Boland Park
"Eden Park, Auckland",38,-36.87500,174.74472,49,,,,,,,,,wikipedia:Eden Park
"Saurashtra Cricket Association Stadium, Rajkot",38,22.36300,70.71000,111,,,,,,,,,wikipedia:Niranjan Shah Stadium
"Bay Oval, Mount Maunganui",36,-37.65278,176.19083,3,,,,,,,,,wikipedia:Bay Oval
"Barabati Stadium, Cuttack",35,20.48111,85.86861,28,,,,,,,,,wikipedia:Barabati Stadium
"Manuka Oval, Canberra",35,-35.31806,149.13472,572,,,,,,,,,wikipedia:Manuka Oval
"Bharat Ratna Shri Atal Bihari Vajpayee Ekana Cricket Stadium, Lucknow",34,26.77444,80.98833,119,,,,,,,,,manual:approx_known
"Tribhuvan University International Cricket Ground, Kirtipur",34,27.67806,85.27694,1397,,,,,,,,,wikipedia:Kirtipur
"JSCA International Stadium Complex, Ranchi",32,23.31010,85.27490,678,,,,,,,,,wikipedia:JSCA International Stadium Complex
"University Oval, Dunedin",31,-45.86583,170.52528,6,,,,,,,,,wikipedia:University of Otago Oval
"Gymkhana Club Ground, Nairobi",30,-1.27000,36.82736,1670,,,,,,,,,wikipedia:Gymkhana Club Ground
"Desert Springs Cricket Ground, Almeria",29,37.25269,-1.82314,60,,,,,,,,,wikipedia:Desert Springs Cricket Ground
"Brabourne Stadium, Mumbai",28,18.93222,72.82472,10,,,,,,,,,wikipedia:Brabourne Stadium
"Punjab Cricket Association IS Bindra Stadium, Mohali, Chandigarh",28,30.69086,76.73726,315,,,,,,,,,wikipedia:I. S. Bindra Stadium
"King George V Sports Ground, Castel",25,49.47250,-2.57400,20,,,,,,,,,wikipedia:King George V Sports Ground
"Holkar Cricket Stadium, Indore",24,22.72417,75.88000,556,,,,,,,,,wikipedia:Holkar Stadium
"Wanderers Cricket Ground, Windhoek",24,-22.59156,17.07176,1671,,,,,,,,,wikipedia:Wanderers Cricket Ground
"McLean Park, Napier",23,-39.50194,176.91278,6,,,,,,,,,wikipedia:McLean Park
"Queens Sports Club, Bulawayo",23,-20.14511,28.58894,1338,,,,,,,,,wikipedia:Queens Sports Club
"Buffalo Park, East London",22,-33.00671,27.91937,23,,,,,,,,,wikipedia:Buffalo Park
"Grange Cricket Club Ground, Raeburn Place, Edinburgh",22,55.96100,-3.21300,17,,,,,,,,,wikipedia:The Grange Club
"Shaheed Veer Narayan Singh International Stadium, Raipur",22,21.20417,81.82333,300,,,,,,,,,wikipedia:Shaheed Veer Narayan Singh International Cricket Stadium
"Vidarbha Cricket Association Stadium, Jamtha, Nagpur",22,21.01357,79.03960,290,,,,,,,,,wikipedia:Vidarbha Cricket Association Stadium
"Indian Association Ground, Singapore",19,1.31790,103.85320,15,,,,,,,,,wikipedia:Indian Association Ground
"Maple Leaf North-West Ground, King City",19,43.95444,-79.50859,302,,,,,,,,,wikipedia:Maple Leaf Cricket Club
"United Cricket Club Ground, Windhoek",19,-22.60774,17.09642,1706,,,,,,,,,wikipedia:United Ground
"College Ground, Cheltenham",18,51.89111,-2.07389,71,,,,,,,,,"wikipedia:College Ground, Cheltenham"
"Amini Park, Port Moresby",17,-9.47333,147.20167,51,,,,,,,,,wikipedia:Amini Park
"Pukekura Park, New Plymouth",17,-39.06444,174.07944,43,,,,,,,,,wikipedia:Pukekura Park
"The Village, Malahide, Dublin",15,53.44930,-6.16120,13,,,,,,,,,wikipedia:Malahide Cricket Ground
"Molyneux Park, Alexandra",14,-45.24326,169.38359,153,,,,,,,,,wikipedia:Molyneux Park
"Barsapara Cricket Stadium, Guwahati",12,26.14500,91.73639,56,,,,,,,,,wikipedia:Assam Cricket Association Stadium
"Civil Service Cricket Club, Stormont, Belfast",12,54.59694,-5.83444,27,,,,,,,,,wikipedia:Stormont Cricket Ground
"Mangaung Oval, Bloemfontein",12,-29.11668,26.20527,1391,,,,,,,,,wikipedia:Mangaung Oval
"Sportpark Westvliet, The Hague",12,52.06861,4.37444,0,,,,,,,,,wikipedia:Sportpark Westvliet
"Sheikh Abu Naser Stadium, Khulna",11,22.84447,89.53735,4,,,,,,,,,wikipedia:Khulna Divisional Stadium
"Saxton Oval, Nelson",10,-41.33083,173.21278,9,,,,,,,,,wikipedia:Saxton Oval
"De Beers Diamond Oval, Kimberley",9,-28.74243,24.79772,1211,,,,,,,,,wikipedia:De Beers Diamond Oval
"Aurora Stadium, Launceston",8,-41.42583,147.13889,4,,,,,,,,,wikipedia:York Park
"Radlett Cricket Club, Radlett",8,51.67600,-0.30900,82,,,,,,,,,wikipedia:Brunton Memorial Ground
"Merchant Taylors' School Ground, Northwood",7,51.63500,-0.42417,55,,,,,,,,,"wikipedia:Merchant Taylors' School, Northwood"
"Sportpark Het Schootsveld, Deventer",7,52.25253,6.22603,7,,,,,,,,,wikipedia:Sportpark Het Schootsveld
"College Field, St Peter Port",6,49.45278,-2.54306,41,,,,,,,,,manual:approx_known
"Greenfield International Stadium, Thiruvananthapuram",5,8.57150,76.88430,37,,,,,,,,,wikipedia:Greenfield International Stadium
"International Sports Stadium, Coffs Harbour",5,-30.32278,153.09528,3,,,,,,,,,wikipedia:Coffs Harbour International Stadium
"Sportpark Maarschalkerweerd, Utrecht",5,52.07722,5.15389,2,,,,,,,,,wikipedia:Sportpark Maarschalkerweerd
"Sky Stadium, Wellington",4,-41.27306,174.78583,10,,,,,,,,,wikipedia:Wellington Regional Stadium
"Shere Bangla National Stadium, Mirpur",297,23.80692,90.36358,13,77,77,61,61,https://cricketboundary.com/grounds/shere-bangla-stadium/,,,"Satellite-measured ""straight boundary of 77 m and a square boundary of 61 m"" — likely pitch-to-fence, may overstate the rope. CONFLICT: cricket-media non-directional 63-70m (cricketcounsel 2026-07-29; sportsistan 2024-10-19); satellite kept as the only directional split. No date on page.",wikipedia:Sher-e-Bangla National Cricket Stadium
Dubai International Cricket Stadium,262,25.04667,55.21889,32,64,64,63,63,https://cricketboundary.com/grounds/dubai-intl-stadium/,,,"Satellite-measured ""straight boundary of 64 m and a square boundary of 63 m"". HARD CONFLICT: thesportsrush (2022-08-27) claims straight 65m but square ~80m; sportsunfold (2021-11-14) square 64-67m / straight 72m — sources disagree on which direction is longer; direction LOW CONFIDENCE. No date on page.",wikipedia:Dubai International Cricket Stadium
Sharjah Cricket Stadium,116,25.33083,55.42083,9,58,58,65,65,https://cricketboundary.com/grounds/sharjah/,,,"""straight boundary of 58 m and a square boundary of 65 m"" per published authority (ICC inspection/broadcast). Square>straight flagged but consistent with Sharjah short straight hits. CONFLICT: thesportsrush (2020-10-03 IPL config) reverses direction (square 51-61m, straight ~70m; 51m below plausibility band, not adopted). Ropes move per fixture.",wikipedia:Sharjah Cricket Stadium
Al Amerat Cricket Ground Oman Cricket (Ministry Turf 1),108,23.48806,58.49389,113,59,59,57,57,https://cricketboundary.com/grounds/al-amerat-cricket-ground/,,,"Satellite-measured ""straight boundary of 59 m and a square boundary of 57 m"". Source does not distinguish Ministry Turf 1 from Turf 2 — numbers may not be Turf-1-specific. No date on page.",wikipedia:Oman Cricket Academy Ground
Melbourne Cricket Ground,95,-37.82000,144.98333,13,83.4,83.4,86.2,86.2,https://cricketboundary.com/grounds/mcg/,,,"""straight boundary of 83.4 m and a square boundary of 86.2 m"" per published authority (typical play-on rope, averaged both ends). Square>straight and 86.2m above the ~85m heuristic — flagged; MCG is the largest T20-era ground, physically plausible. Scale corroborated by austadiums fence-to-fence 173.6 x 148.4m. No date on page.",wikipedia:Melbourne Cricket Ground
Adelaide Oval,95,-34.91556,138.59611,23,80,80,62,63,https://thesportsrush.com/cricket-news-adelaide-oval-dimensions-adelaide-oval-boundary-length-and-ground-size-for-international-cricket/,2022-11-01,,"""huge straight boundary length to the tune of 80 meters ... Square of the wicket ... 62-63 meters on either side"". Matches known long-straight/short-square shape (wiki: 167 x 123m, unusually long and narrow). CONFLICT: thesportslite (2022-10-09) near-square 68/65 claim rejected as low-quality.",wikipedia:Adelaide Oval
Sylhet International Cricket Stadium,92,24.92083,91.86861,31,,,,,https://cricketledger.com/sylhet-international-cricket-stadium-pitch-report-boundary-length-more/,2025-02-17,,"Non-directional only: ""shortest boundary 59 meters & longest boundary 64 meters"" — no straight/square split given, columns left empty. A 74/94m claim failed plausibility and could not be loaded (domain dead); rejected.",wikipedia:Sylhet International Cricket Stadium
Sydney Cricket Ground,89,-33.89167,151.22472,43,80,80,68,68,https://thesportsrush.com/cricket-news-sydney-cricket-ground-boundary-length-in-meters-scg-boundary-size-and-ground-dimension/,2022-10-21,,"""straighter boundary is around 80 meters ... mid-wicket ... around 74 meters ... square boundaries ... around 68 meters"" — mid-wicket 74m noted, not mapped. Unverified snippets citing 93.72m straight (above rope band, likely fence) not recorded.",wikipedia:Sydney Cricket Ground
Udayana Cricket Ground,80,,,,,,,,,,,No wiki page or GeoData found; aggregator pages carry no location or dimensions (pitch-report.com fields blank). Associate ground in Bali — manual/satellite pass needed for coords; boundary geometry honest gap,
"Zahur Ahmed Chowdhury Stadium, Chattogram",73,22.35580,91.76792,5,60,70,60,70,https://thesportsrush.com/cricket-news-zahur-ahmed-chowdhury-stadium-chattogram-boundary-length-in-meters-chattogram-stadium-boundary-length-and-ground-size/,2022-12-10,,"""ground size ... 186 m X 136 m, with the straighter and square boundary dimensions ranging from 60-70 metres"" — ONE shared range named for both directions (Gaddafi precedent), weak directional evidence. Near-identical text at thesportslite (2022-12-10, 185m ground size) suggests shared origin.",wikipedia:Bir Shrestho Flight Lieutenant Matiur Rahman Cricket Stadium
"Bayuemas Oval, Kuala Lumpur",67,2.97806,101.43778,6,,,,,,,,,wikipedia:Bayuemas Oval
Harare Sports Club,66,-17.81407,31.05058,1493,,,,,,,,,wikipedia:Harare Sports Club
"Warner Park, Basseterre, St Kitts",59,17.29861,-62.72194,14,,,,,,,,"Same physical ground as 'Warner Park, Basseterre' — two corpus spellings; coords copied from sibling (own wiki search hit the town page); dedupe on any physical join",wikipedia:Warner Park Sporting Complex
"National Stadium, Karachi",59,24.89611,67.08139,47,,,,,,,,,"wikipedia:National Stadium, Karachi (page infobox; API GeoData query failed)"
Pallekele International Cricket Stadium,58,7.28028,80.72222,444,,,,,,,,,wikipedia:Pallekele International Cricket Stadium
Marsa Sports Club,57,35.87572,14.48764,7,,,,,,,,,wikipedia:Marsa Sports Club
Perth Stadium,55,-31.95111,115.88917,9,,,,,,,,,wikipedia:Perth Stadium
Rawalpindi Cricket Stadium,52,33.65139,73.07611,516,,,,,,,,,wikipedia:Rawalpindi Cricket Stadium (page infobox; API GeoData query failed)
"Providence Stadium, Guyana",51,6.75777,-58.17799,3,,,,,,,,,wikipedia:Providence Stadium
"Queen's Park Oval, Port of Spain",51,10.66739,-61.52370,12,,,,,,,,,wikipedia:Queen's Park Oval
"West End Park International Cricket Stadium, Doha",48,25.18917,51.46000,20,,,,,,,,,wikipedia:West End Park International Cricket Stadium
"Kensington Oval, Bridgetown",43,13.10505,-59.62258,4,,,,,,,,,wikipedia:Kensington Oval
"Warner Park, Basseterre",42,17.29861,-62.72194,14,,,,,,,,"Same physical ground as 'Warner Park, Basseterre, St Kitts' — two corpus spellings; dedupe on any physical join",wikipedia:Warner Park Sporting Complex
"County Ground, Hove",41,50.83000,-0.16417,25,,,,,,,,36 further corpus matches hide under the bare 'County Ground' name (city=Hove) — that bare name spans 6 physical grounds and is excluded from the registry (I7 candidate),"wikipedia:County Cricket Ground, Hove (page infobox; API GeoData query failed)"
Sydney Showground Stadium,41,-33.84306,151.06778,15,,,,,,,,,wikipedia:Sydney Showground Stadium
"Zayed Cricket Stadium, Abu Dhabi",70,24.39639,54.54056,5,73,73,65,65,https://cricketboundary.com/grounds/sheikh-zayed-stadium/,,,"Dimensions measured from current satellite imagery; straight 73 m, square 65 m, stated accuracy ±2 m; single values recorded as min=max; no date visible on page — Same physical ground as 'Sheikh Zayed Stadium, Abu Dhabi' (pass-3.5 corpus spelling); coords/geometry copied — dedupe on any physical join",wikipedia:Sheikh Zayed Cricket Stadium
Feroz Shah Kotla,63,28.63778,77.24306,211,68,68,65,65,https://thesportsrush.com/cricket-news-arun-jaitley-stadium-boundary-length-what-is-feroz-shah-kotla-delhi-ground-dimension-and-boundary-size-in-metre/,2022-10-10,,"This ground's straight boundaries are around 68 metres and ""the square boundaries are around 65 metres"". — Same physical ground as 'Arun Jaitley Stadium, Delhi' (pre-2019 name, pass-3.5 corpus spelling); coords/geometry copied — dedupe on any physical join",wikipedia:Arun Jaitley Cricket Stadium
