price_name,team,role_category,is_overseas,price_cr,price_norm,total_WAR,roi_basic,xWAR_price_only,vope_simple,xWAR_market_adj,vomam_score
Priyansh Arya,Punjab Kings,unknown,0,3.8,3.166666666666666,1.880232148829464,0.5937575206829887,0.3126733881733592,1.5675587606561048,0.2969175096975588,1.5833146391319053
Mitchell Marsh,Lucknow Super Giants,unknown,1,3.4,2.833333333333333,1.3439105164762368,0.4743213587563189,0.2897619173418693,1.0541485991343675,0.26040608215337974,1.083504434322857
Suryakumar Yadav,Mumbai Indians,unknown,0,16.35,13.625000000000002,1.868321249735833,0.13712449539345561,0.839450732825137,1.028870516910696,0.8361505559846545,1.0321706937511785
Sunil Narine,Kolkata Knight Riders,unknown,1,12.0,10.0,1.6561907843991377,0.16561907843991377,0.6990175867174975,0.9571731976816402,0.6299203608839791,1.0262704235151587
Aiden Markram,Lucknow Super Giants,unknown,1,2.0,1.6666666666666667,1.044836929148336,0.6269021574890016,0.20659361851243244,0.8382433106359035,0.20025259491816594,0.84458433423017
Ryan Rickelton,Mumbai Indians,unknown,1,1.0,0.8333333333333334,0.9725943964696054,1.1671132757635265,0.14435135656833745,0.828243039901268,0.15728581832158461,0.8153085781480208
Kuldeep Yadav,Delhi Capitals,unknown,0,13.25,11.041666666666666,1.5155817653288712,0.1372602353505393,0.7439514369885429,0.7716303283403283,0.7029535485352523,0.812628216793619
Prasidh Krishna,Gujarat Titans,unknown,0,9.5,7.916666666666666,1.350993057845549,0.17065175467522725,0.598070455672348,0.752922602173201,0.5418281362980722,0.8091649215474767
Vipraj Nigam,Delhi Capitals,unknown,0,0.5,0.4166666666666667,0.9131403381228456,2.1915368114948293,0.11234387115604527,0.8007964669668003,0.15512714692884053,0.758013191194005
Sai Sudharsan,Gujarat Titans,unknown,0,8.5,7.083333333333333,1.2506551113015227,0.17656307453668557,0.5535552825331462,0.6970998287683765,0.49886135970149104,0.7517937516000317
Vaibhav Suryavanshi,Rajasthan Royals,unknown,0,1.1,0.9166666666666666,0.9246488151581256,1.008707798354319,0.15068194529557632,0.7739668698625493,0.1809072128867893,0.7437416022713363
Phil Salt,Royal Challengers Bengaluru,unknown,1,11.5,9.583333333333334,1.3262277655073518,0.13838898422685408,0.6800099664287937,0.646217799078558,0.6084369725856884,0.7177907929216634
Abhishek Sharma,Sunrisers Hyderabad,unknown,0,14.0,11.666666666666666,1.445687684792284,0.12391608726791006,0.7691390382706811,0.6765486465216028,0.7351786309826882,0.7105090538095957
Jasprit Bumrah,Mumbai Indians,unknown,0,18.0,15.0,1.5867704263286029,0.10578469508857352,0.8810185992892188,0.7057518270393841,0.9070457373690135,0.6797246889595894
Riyan Parag,Rajasthan Royals,unknown,0,14.0,11.666666666666666,1.3817563525565908,0.11843625879056494,0.7691390382706811,0.6126173142859097,0.7351786309826882,0.6465777215739026
Naman Dhir,Mumbai Indians,unknown,0,5.25,4.375,0.9824449718171214,0.22455885070105633,0.39255727555623515,0.5898876962608863,0.3592193357626018,0.6232256360545196
Mitchell Santner,Mumbai Indians,unknown,1,2.0,1.6666666666666667,0.7758247728069846,0.46549486368419074,0.20659361851243244,0.5692311542945522,0.20025259491816594,0.5755721778888186
Krunal Pandya,Royal Challengers Bengaluru,unknown,0,5.75,4.791666666666667,0.861644766054834,0.1798215163940523,0.4189511828469778,0.4426935832078562,0.38070272406089245,0.4809420419939415
Aniket Verma,Sunrisers Hyderabad,unknown,0,0.3,0.25,0.619498958588883,2.477995834355532,0.09937542416228275,0.5201235344266003,0.14653379160952426,0.47296516697935875
Shashank Singh,Punjab Kings,unknown,0,5.5,4.583333333333333,0.8311677078765443,0.18134568171851875,0.40582809207162684,0.4253396158049174,0.36996102991174706,0.4612066779647972
Karun Nair,Delhi Capitals,unknown,0,0.5,0.4166666666666667,0.6129926670954184,1.4711824010290042,0.11234387115604527,0.5006487959393732,0.15512714692884053,0.4578655201665779
Josh Inglis,Punjab Kings,unknown,1,2.6,2.166666666666667,0.6758943320405902,0.3119512301725801,0.2428044419953763,0.4330898900452139,0.22603266087611473,0.4498616711644755
KL Rahul,Delhi Capitals,unknown,0,14.0,11.666666666666666,1.1684811838289684,0.10015553004248301,0.7691390382706811,0.3993421455582873,0.7351786309826882,0.43330255284628016
Sandeep Sharma,Rajasthan Royals,unknown,0,4.0,3.3333333333333335,0.7279674493933879,0.21839023481801634,0.32398730687866506,0.4039801425147228,0.30551086501687513,0.42245658437651273
Shreyas Iyer,Punjab Kings,unknown,0,26.75,22.291666666666668,1.6992786748571198,0.07622932373190817,0.9939099160308751,0.7053687588262447,1.2830050325891,0.4162736422680198
Nicholas Pooran,Lucknow Super Giants,unknown,1,21.0,17.5,1.4262201138446762,0.08149829221969578,0.9401103457262712,0.486109768118405,1.0166213502532109,0.4095987635914653
Will Jacks,Mumbai Indians,unknown,1,5.25,4.375,0.7443713842912605,0.17014203069514525,0.39255727555623515,0.35181410873502533,0.3398946188570552,0.4044767654342053
Noor Ahmad,Chennai Super Kings,unknown,1,10.0,8.333333333333332,0.9461705601668968,0.11354046722002764,0.6194416878017039,0.3267288723651929,0.5439868076908163,0.4021837524760805
Eshan Malinga,Sunrisers Hyderabad,unknown,1,1.2,1.0,0.5594422433476598,0.5594422433476598,0.15698889790440865,0.4024533454432512,0.16587917364090088,0.3935630697067589
Nehal Wadhera,Punjab Kings,unknown,0,4.2,3.5000000000000004,0.7063146520372665,0.20180418629636185,0.3352066811103448,0.3711079709269217,0.3141042203361914,0.3922104317010751
Jaydev Unadkat,Sunrisers Hyderabad,unknown,0,1.0,0.8333333333333334,0.5668523979574299,0.6802228775489159,0.14435135656833745,0.4225010413890925,0.1766105352271312,0.3902418627302987
Varun Chakaravarthy,Kolkata Knight Riders,unknown,0,12.0,10.0,1.039476771382082,0.10394767713820821,0.6990175867174975,0.3404591846645846,0.6492450777895257,0.3902316935925564
Ajinkya Rahane,Kolkata Knight Riders,unknown,0,1.5,1.25,0.5836577781347273,0.4669262225077818,0.1757679390204665,0.4078898391142608,0.19809392352542182,0.3855638546093055
Yashasvi Jaiswal,Rajasthan Royals,unknown,0,18.0,15.0,1.2607772588183506,0.08405181725455671,0.8810185992892188,0.3797586595291318,0.9070457373690135,0.35373152144933706
Abishek Porel,Delhi Capitals,unknown,0,4.0,3.3333333333333335,0.6324913580075316,0.18974740740225948,0.32398730687866506,0.3085040511288666,0.30551086501687513,0.3269804929906565
Harshal Patel,Sunrisers Hyderabad,unknown,0,8.0,6.666666666666667,0.7944394180823122,0.11916591271234683,0.5304113415233008,0.2640280765590114,0.4773779714032004,0.31706144667911185
Maheesh Theekshana,Rajasthan Royals,unknown,1,4.4,3.6666666666666665,0.5875668484270086,0.16024550411645688,0.3463315108683984,0.24123533755861015,0.30337285874996106,0.2841939896770475
Matheesha Pathirana,Chennai Super Kings,unknown,1,13.0,10.833333333333334,0.9538104339922012,0.08804404006081858,0.7352601184144154,0.21855031557778581,0.6728871374805604,0.28092329651164083
Jofra Archer,Rajasthan Royals,unknown,1,12.5,10.416666666666668,0.926396052135134,0.08893402100497286,0.717434304046038,0.20896174808909596,0.6514037491822697,0.27499230295286425
Vaibhav Arora,Kolkata Knight Riders,unknown,0,1.8,1.5000000000000002,0.4752661644544099,0.3168441096362732,0.19433425507086566,0.28093190938354423,0.21098395650439622,0.26428220795001367
Sai Kishore,Gujarat Titans,unknown,0,2.0,1.6666666666666667,0.4552792897733123,0.2731675738639874,0.20659361851243244,0.24868567126087984,0.21957731182371248,0.2357019779495998
Rachin Ravindra,Chennai Super Kings,unknown,1,4.0,3.3333333333333335,0.5196771308317104,0.15590313924951313,0.32398730687866506,0.19568982395304535,0.2861861481113286,0.23349098272038182
Ayush Badoni,Lucknow Super Giants,unknown,0,4.0,3.3333333333333335,0.5330230103665002,0.15990690310995007,0.32398730687866506,0.20903570348783518,0.30551086501687513,0.2275121453496251
Pat Cummins,Sunrisers Hyderabad,unknown,1,18.0,15.0,1.0798390561402944,0.07198927040935296,0.8810185992892188,0.19882045685107563,0.8877210204634669,0.1921180356768275
Lockie Ferguson,Punjab Kings,unknown,1,2.0,1.6666666666666667,0.3789745762476636,0.22738474574859815,0.20659361851243244,0.17238095773523118,0.20025259491816594,0.17872198132949768
Angkrish Raghuvanshi,Kolkata Knight Riders,unknown,0,3.0,2.5,0.4280044127727531,0.17120176510910123,0.266472268615875,0.1615321441568781,0.2625440884202938,0.16546032435245928
Vijaykumar Vyshak,Punjab Kings,unknown,0,1.8,1.5000000000000002,0.3656298110125856,0.2437532073417237,0.19433425507086566,0.17129555594171997,0.21098395650439622,0.1546458545081894
Sameer Rizvi,Delhi Capitals,unknown,0,0.95,0.7916666666666665,0.3211834011701183,0.4057053488464653,0.14117719866031556,0.18000620250980273,0.1744621963973021,0.1467212047728162
Suyash Sharma,Royal Challengers Bengaluru,unknown,0,2.6,2.166666666666667,0.3844956075527809,0.17745951117820655,0.2428044419953763,0.1416911655574046,0.24535737778166128,0.13913822977111961
Travis Head,Sunrisers Hyderabad,unknown,1,14.0,11.666666666666666,0.852757537467528,0.0730935032115024,0.7691390382706811,0.08361849919684694,0.7158539140771416,0.13690362339038642
Shubham Dubey,Rajasthan Royals,unknown,0,0.8,0.6666666666666667,0.30130940527266,0.45196410790898994,0.13161927075864016,0.16969013451401982,0.16801717990781492,0.13329222536484506
Heinrich Klaasen,Sunrisers Hyderabad,unknown,1,23.0,19.166666666666668,1.2296483113581116,0.064155564070858,0.9676867841477106,0.261961527210401,1.1025549034463735,0.12709340791173807
Prince Yadav,Lucknow Super Giants,unknown,0,0.3,0.25,0.2648792228076946,1.0595168912307784,0.09937542416228275,0.16550379864541187,0.14653379160952426,0.11834543119817034
Ashutosh Sharma,Delhi Capitals,unknown,0,3.8,3.166666666666666,0.4110190327859542,0.12979548403766977,0.3126733881733592,0.09834564461259498,0.2969175096975588,0.11410152308839538
Mohit Sharma,Delhi Capitals,unknown,0,2.2,1.8333333333333333,0.3263614842020541,0.17801535501930224,0.21875843748037313,0.10760304672168094,0.22817066714302875,0.09819081705902533
Shubman Gill,Gujarat Titans,unknown,0,16.5,13.750000000000002,0.9323522322937584,0.0678074350759097,0.8434955361084904,0.08885669618526804,0.8425955724741416,0.08975665981961678
Harpreet Brar,Punjab Kings,unknown,0,1.5,1.25,0.2803270778133805,0.2242616622507044,0.1757679390204665,0.10455913879291401,0.19809392352542182,0.08223315428795869
Zeeshan Ansari,Sunrisers Hyderabad,unknown,0,0.4,0.33333333333333337,0.2267545159576133,0.6802635478728398,0.10587146571836728,0.12088305023924603,0.1508304692691824,0.07592404668843092
Shahrukh Khan,Gujarat Titans,unknown,0,4.0,3.3333333333333335,0.3775491632050921,0.11326474896152762,0.32398730687866506,0.053561856326427015,0.30551086501687513,0.07203829818821694
Jos Buttler,Gujarat Titans,unknown,1,15.75,13.125,0.8604139413612581,0.06555534791323872,0.8227397070275757,0.037674234333682444,0.791045773121159,0.06936816824009917
Harshit Rana,Kolkata Knight Riders,unknown,0,4.0,3.3333333333333335,0.3612533807561489,0.10837601422684466,0.32398730687866506,0.03726607387748382,0.30551086501687513,0.055742515739273746
Axar Patel,Delhi Capitals,unknown,1,16.5,13.750000000000002,0.8770431993892213,0.06378495995557971,0.8434955361084904,0.03354766328073089,0.823270855568595,0.053772343820626234
Jitesh Sharma,Royal Challengers Bengaluru,unknown,0,11.0,9.166666666666666,0.6567170436825183,0.07164185931082018,0.6604114431799271,-0.0036943994974087957,0.6062783011929442,0.05043874248957403
Arshad Khan,Gujarat Titans,unknown,1,1.3,1.0833333333333335,0.220477082546991,0.2035173069664532,0.16327221439483447,0.05720486815215653,0.170175851300559,0.05030123124643199
Arshdeep Singh,Punjab Kings,unknown,0,18.0,15.0,0.9568047218002992,0.06378698145335328,0.8810185992892188,0.07578612251108041,0.9070457373690135,0.04975898443128568
Hardik Pandya,Mumbai Indians,unknown,0,16.35,13.625000000000002,0.8831928116563561,0.06482149076376925,0.839450732825137,0.043742078831219056,0.8361505559846545,0.047042255671701616
Devdutt Padikkal,Royal Challengers Bengaluru,unknown,0,2.0,1.6666666666666667,0.2610133340263969,0.15660800041583814,0.20659361851243244,0.05441971551396449,0.21957731182371248,0.04143602220268444
Akash Madhwal,Rajasthan Royals,unknown,0,1.2,1.0,0.2251177859083468,0.2251177859083468,0.15698889790440865,0.06812888800393815,0.18520389054644742,0.039913895361899376
Kamindu Mendis,Sunrisers Hyderabad,unknown,1,0.75,0.625,0.1797093716122997,0.2875349945796795,0.12842147673221177,0.05128789488008792,0.14654412417243928,0.03316524743986041
Mohammed Siraj,Gujarat Titans,unknown,1,12.25,10.208333333333334,0.6724715774161837,0.06587476676729963,0.7082998082517882,-0.03582823083560449,0.6406620550331243,0.03180952238305934
Ishan Kishan,Sunrisers Hyderabad,unknown,0,11.25,9.375,0.6461817552697401,0.06892605389543895,0.6702845676743807,-0.024102812404640628,0.6170199953420896,0.029161759927650466
Trent Boult,Mumbai Indians,unknown,1,12.5,10.416666666666668,0.6790374622772053,0.0651875963786117,0.717434304046038,-0.038396841768832735,0.6514037491822697,0.027633713094935564
Tushar Deshpande,Rajasthan Royals,unknown,0,6.5,5.416666666666667,0.4311587898901723,0.07959854582587796,0.45743410073278584,-0.02627531084261353,0.4129278065083284,0.018230983381843924
Yash Dayal,Royal Challengers Bengaluru,unknown,0,5.0,4.166666666666666,0.3634586399066841,0.08723007357760419,0.37913873330080267,-0.015680093394118577,0.3484776416134564,0.014980998293227688
Abdul Samad,Lucknow Super Giants,unknown,1,4.2,3.5000000000000004,0.3048685017418617,0.08710528621196047,0.3352066811103448,-0.030338179368483098,0.29477950343064485,0.010088998311216846
Tilak Varma,Mumbai Indians,unknown,0,8.0,6.666666666666667,0.4853255464722896,0.07279883197084344,0.5304113415233008,-0.045085795051011235,0.4773779714032004,0.007947575069089219
Azmatullah Omarzai,Punjab Kings,unknown,1,2.4,2.0,0.2170509823758863,0.10852549118794315,0.23082871197468774,-0.013777729598801441,0.21743930555679844,-0.00038832318091214235
Nuwan Thushara,Royal Challengers Bengaluru,unknown,1,1.6,1.3333333333333335,0.180400055863848,0.13530004189788597,0.18198034715567274,-0.0015802912918247425,0.1830658842795334,-0.0026658284156854117
Manish Pandey,Kolkata Knight Riders,unknown,0,0.75,0.625,0.1582952883065118,0.25327246129041886,0.12842147673221177,0.029873811574300024,0.16586884107798586,-0.0075735527714740625
Deepak Chahar,Mumbai Indians,unknown,0,9.25,7.708333333333334,0.5215791829408936,0.06766432643557538,0.5871632509976088,-0.06558406805671524,0.5310864421489271,-0.009507259208033525
Washington Sundar,Gujarat Titans,unknown,0,3.2,2.666666666666667,0.2368443039791846,0.08881661399219422,0.2781643652156852,-0.041320061236500616,0.2711374437396101,-0.03429313976042547
Anshul Kamboj,Chennai Super Kings,unknown,0,3.4,2.833333333333333,0.2354516299604064,0.08310057528014345,0.2897619173418693,-0.0543102873814629,0.2797307990589263,-0.044279169098519894
Jacob Bethell,Royal Challengers Bengaluru,unknown,1,2.6,2.166666666666667,0.181109880562128,0.08358917564405907,0.2428044419953763,-0.06169456143324828,0.22603266087611473,-0.04492278031398672
Marcus Stoinis,Punjab Kings,unknown,1,11.0,9.166666666666666,0.5413852680975082,0.059060211065182715,0.6604114431799271,-0.11902617508241886,0.5869535842873976,-0.045568316189889435
Sam Curran,Chennai Super Kings,unknown,1,2.4,2.0,0.1716265445549719,0.08581327227748595,0.23082871197468774,-0.059202167419715845,0.21743930555679844,-0.045812761001826546
Shaik Rasheed,Chennai Super Kings,unknown,1,0.3,0.25,0.0778372575733751,0.3113490302935004,0.09937542416228275,-0.021538166588907642,0.1272090747039777,-0.04937181713060258
MS Dhoni,Chennai Super Kings,unknown,0,4.0,3.3333333333333335,0.2375930396448868,0.07127791189346604,0.32398730687866506,-0.08639426723377827,0.30551086501687513,-0.06791782537198834
Rahmanullah Gurbaz,Kolkata Knight Riders,unknown,1,2.0,1.6666666666666667,0.129255387009192,0.0775532322055152,0.20659361851243244,-0.07733823150324043,0.20025259491816594,-0.07099720790897393
Akash Singh,Lucknow Super Giants,unknown,0,0.3,0.25,0.0724400164044841,0.2897600656179364,0.09937542416228275,-0.02693540775779865,0.14653379160952426,-0.07409377520504017
Dushmantha Chameera,Delhi Capitals,unknown,1,0.75,0.625,0.0702275483201746,0.11236407731227935,0.12842147673221177,-0.058193928412037174,0.14654412417243928,-0.07631657585226469
Ashwani Kumar,Mumbai Indians,unknown,0,0.3,0.25,0.0650075021726697,0.2600300086906788,0.09937542416228275,-0.03436792198961304,0.14653379160952426,-0.08152628943685455
Virat Kohli,Royal Challengers Bengaluru,unknown,0,21.0,17.5,0.9538712989823688,0.05450693137042107,0.9401103457262712,0.013760953256097608,1.0359460671587575,-0.0820747681763887
Faf du Plessis,Delhi Capitals,unknown,1,2.0,1.6666666666666667,0.1139144252095318,0.06834865512571907,0.20659361851243244,-0.09267919330290064,0.20025259491816594,-0.08633816970863414
Gerald Coetzee,Gujarat Titans,unknown,1,2.4,2.0,0.1222600651069548,0.0611300325534774,0.23082871197468774,-0.10856864686773295,0.21743930555679844,-0.09517924044984365
Karn Sharma,Mumbai Indians,unknown,0,0.5,0.4166666666666667,0.0575111743853621,0.13802681852486903,0.11234387115604527,-0.05483269677068317,0.15512714692884053,-0.09761597254347842
Quinton de Kock,Kolkata Knight Riders,unknown,1,3.6,3.0000000000000004,0.165598880776152,0.05519962692538399,0.30126492499442736,-0.13566604421827536,0.26899943747269606,-0.10340055669654405
Dhruv Jurel,Rajasthan Royals,unknown,0,14.0,11.666666666666666,0.6301697018054911,0.0540145458690421,0.7691390382706811,-0.13896933646518994,0.7351786309826882,-0.10500892917719706
Kumar Kartikeya,Rajasthan Royals,unknown,0,0.3,0.25,0.0328605226858554,0.1314420907434216,0.09937542416228275,-0.06651490147642734,0.14653379160952426,-0.11367326892366886
Matthew Breetzke,Lucknow Super Giants,unknown,1,0.75,0.625,0.0305281997240555,0.048845119558488796,0.12842147673221177,-0.09789327700815627,0.14654412417243928,-0.11601592444838378
Josh Hazlewood,Royal Challengers Bengaluru,unknown,1,12.5,10.416666666666668,0.5349461872421616,0.0513548339752475,0.717434304046038,-0.18248811680387644,0.6514037491822697,-0.11645756194010815
Atharva Taide,Sunrisers Hyderabad,unknown,0,0.3,0.25,0.0299041069368256,0.1196164277473024,0.09937542416228275,-0.06947131722545714,0.14653379160952426,-0.11662968467269866
V. Satyanarayana Raju,Mumbai Indians,unknown,0,0.3,0.25,0.0288251660903247,0.1153006643612988,0.09937542416228275,-0.07055025807195806,0.14653379160952426,-0.11770862551919956
Tristan Stubbs,Delhi Capitals,unknown,1,10.0,8.333333333333332,0.4166681389926449,0.050000176679117395,0.6194416878017039,-0.20277354880905907,0.5439868076908163,-0.12731866869817143
Vignesh Puthur,Mumbai Indians,unknown,0,0.3,0.25,0.0169667690227477,0.0678670760909908,0.09937542416228275,-0.08240865513953505,0.14653379160952426,-0.12956702258677655
Kulwant Khejroliya,Gujarat Titans,unknown,0,0.3,0.25,0.0126796029446671,0.0507184117786684,0.09937542416228275,-0.08669582121761565,0.14653379160952426,-0.13385418866485715
Swapnil Singh,Royal Challengers Bengaluru,unknown,1,0.5,0.4166666666666667,0.0,0.0,0.11234387115604527,-0.11234387115604527,0.13580243002329395,-0.13580243002329395
Kartik Tyagi,Rajasthan Royals,unknown,1,0.6,0.5,0.0,0.0,0.11879264047531676,-0.11879264047531676,0.14009910768295208,-0.14009910768295208
Darshan Nalkande,Delhi Capitals,unknown,0,0.3,0.25,0.0,0.0,0.09937542416228275,-0.09937542416228275,0.14653379160952426,-0.14653379160952426
Mayank Markande,Kolkata Knight Riders,unknown,0,0.3,0.25,0.0,0.0,0.09937542416228275,-0.09937542416228275,0.14653379160952426,-0.14653379160952426
Manav Suthar,Gujarat Titans,unknown,0,0.3,0.25,0.0,0.0,0.09937542416228275,-0.09937542416228275,0.14653379160952426,-0.14653379160952426
Kamlesh Nagarkoti,Chennai Super Kings,unknown,0,0.3,0.25,0.0,0.0,0.09937542416228275,-0.09937542416228275,0.14653379160952426,-0.14653379160952426
Anuj Rawat,Gujarat Titans,unknown,0,0.3,0.25,0.0,0.0,0.09937542416228275,-0.09937542416228275,0.14653379160952426,-0.14653379160952426
Arjun Tendulkar,Mumbai Indians,unknown,0,0.3,0.25,0.0,0.0,0.09937542416228275,-0.09937542416228275,0.14653379160952426,-0.14653379160952426
Arshin Kulkarni,Lucknow Super Giants,unknown,0,0.3,0.25,0.0,0.0,0.09937542416228275,-0.09937542416228275,0.14653379160952426,-0.14653379160952426
Sachin Baby,Sunrisers Hyderabad,unknown,0,0.3,0.25,0.0,0.0,0.09937542416228275,-0.09937542416228275,0.14653379160952426,-0.14653379160952426
Yuvraj Singh,Lucknow Super Giants,unknown,0,0.3,0.25,0.0,0.0,0.09937542416228275,-0.09937542416228275,0.14653379160952426,-0.14653379160952426
Rajvardhan Hangargekar,Lucknow Super Giants,unknown,0,0.3,0.25,0.0,0.0,0.09937542416228275,-0.09937542416228275,0.14653379160952426,-0.14653379160952426
Lizaad Williams,Mumbai Indians,unknown,1,0.75,0.625,0.0,0.0,0.12842147673221177,-0.12842147673221177,0.14654412417243928,-0.14654412417243928
M. Siddharth,Lucknow Super Giants,unknown,0,0.75,0.625,0.0177487889444619,0.02839806231113904,0.12842147673221177,-0.11067268778774987,0.16586884107798586,-0.14812005213352397
Manoj Bhandage,Royal Challengers Bengaluru,unknown,0,0.3,0.25,-0.0141875508388727,-0.0567502033554908,0.09937542416228275,-0.11356297500115545,0.14653379160952426,-0.16072134244839698
Kumar Kushagra,Gujarat Titans,unknown,0,0.65,0.5416666666666667,0.0,0.0,0.12200816159055006,-0.12200816159055006,0.16157216341832772,-0.16157216341832772
Mukesh Kumar,Delhi Capitals,unknown,0,8.0,6.666666666666667,0.3134294664727524,0.04701441997091285,0.5304113415233008,-0.21698187505054845,0.4773779714032004,-0.163948504930448
Umran Malik,Kolkata Knight Riders,unknown,0,0.75,0.625,0.0,0.0,0.12842147673221177,-0.12842147673221177,0.16586884107798586,-0.16586884107798586
Jayant Yadav,Gujarat Titans,unknown,0,0.75,0.625,0.0,0.0,0.12842147673221177,-0.12842147673221177,0.16586884107798586,-0.16586884107798586
Kuldeep Sen,Punjab Kings,unknown,0,0.8,0.6666666666666667,0.0,0.0,0.13161927075864016,-0.13161927075864016,0.16801717990781492,-0.16801717990781492
Xavier Bartlett,Punjab Kings,unknown,1,0.75,0.625,-0.0225561067008649,-0.03608977072138384,0.12842147673221177,-0.15097758343307666,0.14654412417243928,-0.16910023087330417
Rajat Patidar,Royal Challengers Bengaluru,unknown,0,11.0,9.166666666666666,0.4341446284830818,0.04736123219815438,0.6604114431799271,-0.2262668146968453,0.6062783011929442,-0.17213367270986246
Yash Thakur,Punjab Kings,unknown,0,1.6,1.3333333333333335,0.028685706283967,0.02151427971297525,0.18198034715567274,-0.15329464087170575,0.20239060118507995,-0.17370489490111296
Vishnu Vinod,Punjab Kings,unknown,0,0.95,0.7916666666666665,0.0,0.0,0.14117719866031556,-0.14117719866031556,0.1744621963973021,-0.1744621963973021
Ravindra Jadeja,Chennai Super Kings,unknown,0,18.0,15.0,0.7325244669576573,0.04883496446384382,0.8810185992892188,-0.1484941323315615,0.9070457373690135,-0.17452127041135623
Moeen Ali,Kolkata Knight Riders,unknown,1,2.0,1.6666666666666667,0.0251578342823362,0.01509470056940172,0.20659361851243244,-0.18143578423009624,0.20025259491816594,-0.17509476063582974
Kwena Maphaka,Rajasthan Royals,unknown,1,1.5,1.25,0.0034274162267741,0.00274193298141928,0.1757679390204665,-0.1723405227936924,0.17876920661987528,-0.1753417903931012
Donovan Ferreira,Delhi Capitals,unknown,1,0.75,0.625,-0.0289366657313197,-0.04629866517011152,0.12842147673221177,-0.15735814246353147,0.14654412417243928,-0.17548078990375898
Pravin Dubey,Punjab Kings,unknown,0,0.8,0.6666666666666667,-0.0083207138991756,-0.0124810708487634,0.13161927075864016,-0.13993998465781576,0.16801717990781492,-0.17633789380699053
Harsh Dubey,Sunrisers Hyderabad,unknown,0,0.3,0.25,-0.0302175918834036,-0.1208703675336144,0.09937542416228275,-0.12959301604568635,0.14653379160952426,-0.17675138349292785
Rahul Tewatia,Gujarat Titans,unknown,0,4.0,3.3333333333333335,0.1173943806458701,0.03521831419376103,0.32398730687866506,-0.20659292623279496,0.30551086501687513,-0.18811648437100503
Avesh Khan,Lucknow Super Giants,unknown,0,9.75,8.125,0.3632881072223523,0.044712382427366436,0.6088299346070465,-0.2455418273846942,0.5525698304472176,-0.18928172322486536
Gurnoor Brar,Gujarat Titans,unknown,0,1.3,1.0833333333333335,0.0,0.0,0.16327221439483447,-0.16327221439483447,0.18950056820610559,-0.18950056820610559
Devon Conway,Chennai Super Kings,unknown,1,6.25,5.208333333333334,0.1897601346375582,0.03643394585041117,0.44475418717755727,-0.25499405253999907,0.3828613954536365,-0.1931012608160783
Shahbaz Ahmed,Lucknow Super Giants,unknown,0,2.4,2.0,0.040056878343636,0.020028439171818,0.23082871197468774,-0.19077183363105174,0.23676402246234501,-0.19670714411870902
Glenn Phillips,Gujarat Titans,unknown,1,2.0,1.6666666666666667,0.0,0.0,0.20659361851243244,-0.20659361851243244,0.20025259491816594,-0.20025259491816594
Rohit Sharma,Mumbai Indians,unknown,0,16.3,13.583333333333334,0.6332872652638839,0.04662237535685035,0.8380906470048157,-0.20480338174093182,0.8340022171548254,-0.20071495189094146
Glenn Maxwell,Punjab Kings,unknown,1,4.2,3.5000000000000004,0.0937269709466366,0.02677913455618188,0.3352066811103448,-0.2414797101637082,0.29477950343064485,-0.20105253248400826
Mahipal Lomror,Gujarat Titans,unknown,0,1.7,1.4166666666666665,0.0,0.0,0.18816911917247245,-0.18816911917247245,0.2066872788447381,-0.2066872788447381
Rinku Singh,Kolkata Knight Riders,unknown,0,13.0,10.833333333333334,0.4811549334535536,0.04441430154955879,0.7352601184144154,-0.2541051849608618,0.692211854386107,-0.2110569209325534
Rovman Powell,Kolkata Knight Riders,unknown,1,1.5,1.25,-0.0400729112903382,-0.03205832903227056,0.1757679390204665,-0.2158408503108047,0.17876920661987528,-0.21884211791021346
Nathan Ellis,Chennai Super Kings,unknown,1,2.0,1.6666666666666667,-0.0211701301951006,-0.01270207811706036,0.20659361851243244,-0.22776374870753305,0.20025259491816594,-0.22142272511326655
Yudhvir Singh,Rajasthan Royals,unknown,0,0.35,0.29166666666666663,-0.0812649866405143,-0.2786228113389062,0.10262639945512582,-0.18389138609564012,0.14868213043935333,-0.22994711707986765
Reece Topley,Mumbai Indians,unknown,1,0.75,0.625,-0.0900975979294224,-0.14415615668707585,0.12842147673221177,-0.21851907466163417,0.14654412417243928,-0.23664172210186168
Musheer Khan,Punjab Kings,unknown,0,0.3,0.25,-0.0929067578916342,-0.3716270315665368,0.09937542416228275,-0.19228218205391695,0.14653379160952426,-0.23944054950115845
Jamie Overton,Chennai Super Kings,unknown,1,1.5,1.25,-0.063503782404813,-0.0508030259238504,0.1757679390204665,-0.2392717214252795,0.17876920661987528,-0.24227298902468827
Rahul Tripathi,Chennai Super Kings,unknown,0,3.4,2.833333333333333,0.0312369608579569,0.011024809714573026,0.2897619173418693,-0.2585249564839124,0.2797307990589263,-0.24849383820096937
Ramandeep Singh,Kolkata Knight Riders,unknown,0,4.0,3.3333333333333335,0.054849845599073,0.016454953679721898,0.32398730687866506,-0.26913746127959204,0.30551086501687513,-0.2506610194178021
Sherfane Rutherford,Gujarat Titans,unknown,1,2.6,2.166666666666667,-0.0336503461406892,-0.015530928988010399,0.2428044419953763,-0.2764547881360655,0.22603266087611473,-0.2596830070168039
Nitish Kumar Reddy,Sunrisers Hyderabad,unknown,0,6.0,5.0,0.1280289948349649,0.02560579896699298,0.4319265478822879,-0.303897553047323,0.3914444182100377,-0.26341542337507284
Deepak Hooda,Chennai Super Kings,unknown,0,1.7,1.4166666666666665,-0.0595605949659958,-0.04204277291717351,0.18816911917247245,-0.24772971413846825,0.2066872788447381,-0.2662478738107339
Rahul Chahar,Sunrisers Hyderabad,unknown,0,3.2,2.666666666666667,0.0041482956942305,0.0015556108853364374,0.2781643652156852,-0.27401606952145474,0.2711374437396101,-0.2669891480453796
Bhuvneshwar Kumar,Royal Challengers Bengaluru,unknown,0,10.75,8.958333333333334,0.3195812211400781,0.03567418282493895,0.6503905929454323,-0.33080937180535425,0.595536607043799,-0.2759553859037209
Suryansh Shedge,Punjab Kings,unknown,0,0.3,0.25,-0.1309883512049167,-0.5239534048196668,0.09937542416228275,-0.23036377536719943,0.14653379160952426,-0.277522142814441
Mohsin Khan,Lucknow Super Giants,unknown,1,4.0,3.3333333333333335,0.0,0.0,0.32398730687866506,-0.32398730687866506,0.2861861481113286,-0.2861861481113286
Mukesh Choudhary,Chennai Super Kings,unknown,0,0.3,0.25,-0.1416376544468,-0.5665506177872,0.09937542416228275,-0.24101307860908272,0.14653379160952426,-0.2881714460563243
Adam Zampa,Sunrisers Hyderabad,unknown,1,2.4,2.0,-0.0902564346774791,-0.04512821733873955,0.23082871197468774,-0.3210851466521668,0.21743930555679844,-0.30769574023427754
Liam Livingstone,Royal Challengers Bengaluru,unknown,1,8.75,7.291666666666667,0.1791497184307815,0.024569104241935747,0.5649056644280079,-0.3857559459972264,0.49027833694508977,-0.3111286185143083
Spencer Johnson,Kolkata Knight Riders,unknown,1,2.8,2.333333333333333,-0.0791035421380038,-0.03390151805914449,0.2546856275424386,-0.3337891696804424,0.23462601619543094,-0.31372955833343474
Andre Russell,Kolkata Knight Riders,unknown,1,12.0,10.0,0.2990868348277878,0.02990868348277878,0.6990175867174975,-0.39993075188970967,0.6299203608839791,-0.33083352605619126
Karim Janat,Gujarat Titans,unknown,1,0.75,0.625,-0.1925710463022468,-0.3081136740835949,0.12842147673221177,-0.3209925230344586,0.14654412417243928,-0.3391151704746861
Sanju Samson,Rajasthan Royals,unknown,0,18.0,15.0,0.5651136380138746,0.03767424253425831,0.8810185992892188,-0.3159049612753442,0.9070457373690135,-0.3419320993551389
Abhinav Manohar,Sunrisers Hyderabad,unknown,0,3.2,2.666666666666667,-0.0834922425052001,-0.03130959093945003,0.2781643652156852,-0.3616566077208853,0.2711374437396101,-0.35462968624481017
Rashid Khan,Gujarat Titans,unknown,1,18.0,15.0,0.5161962579260365,0.03441308386173577,0.8810185992892188,-0.36482234136318226,0.8877210204634669,-0.3715247625374304
Shimron Hetmyer,Rajasthan Royals,unknown,1,11.0,9.166666666666666,0.1976615176824394,0.021563074656266116,0.6604114431799271,-0.46274992549748767,0.5869535842873976,-0.38929206660495824
Anrich Nortje,Kolkata Knight Riders,unknown,1,6.5,5.416666666666667,-0.0103826482151646,-0.001916796593568849,0.45743410073278584,-0.46781674894795044,0.39360308960278184,-0.40398573781794644
Ravichandran Ashwin,Chennai Super Kings,unknown,0,9.75,8.125,0.1274165905298216,0.01568204191136266,0.6088299346070465,-0.4814133440772249,0.5525698304472176,-0.42515323991739606
Khaleel Ahmed,Chennai Super Kings,unknown,0,4.8,4.0,-0.0942446114256589,-0.023561152856414726,0.3682975369636274,-0.4625421483892863,0.33988428629414014,-0.434128897719799
Akash Deep,Lucknow Super Giants,unknown,0,8.0,6.666666666666667,0.0246761528605946,0.0037014229290891895,0.5304113415233008,-0.5057351886627063,0.4773779714032004,-0.45270181854260577
Simarjeet Singh,Sunrisers Hyderabad,unknown,0,1.5,1.25,-0.2740342885713067,-0.21922743085704535,0.1757679390204665,-0.4498022275917732,0.19809392352542182,-0.4721282120967285
David Miller,Lucknow Super Giants,unknown,1,7.5,6.25,-0.0446883820336662,-0.007150141125386592,0.5066764975532922,-0.5513648795869585,0.4365698661993631,-0.4812582482330293
Ruturaj Gaikwad,Chennai Super Kings,unknown,0,18.0,15.0,0.3812044056693703,0.025413627044624687,0.8810185992892188,-0.49981419361984847,0.9070457373690135,-0.5258413316996432
Fazalhaq Farooqi,Rajasthan Royals,unknown,1,2.0,1.6666666666666667,-0.3473580832411747,-0.2084148499447048,0.20659361851243244,-0.5539517017536071,0.20025259491816594,-0.5476106781593406
Jake Fraser-McGurk,Delhi Capitals,unknown,1,9.0,7.5,-0.0525572427573088,-0.007007632367641173,0.5761083205828288,-0.6286655633401376,0.5010200310942351,-0.5535772738515439
Kagiso Rabada,Gujarat Titans,unknown,1,10.75,8.958333333333334,-0.0236562740339667,-0.0026407003572800035,0.6503905929454323,-0.6740468669793991,0.5762118901382525,-0.5998681641722192
T Natarajan,Delhi Capitals,unknown,0,10.75,8.958333333333334,-0.0417403882691899,-0.004659392178886315,0.6503905929454323,-0.6921309812146222,0.595536607043799,-0.6372769953129889
Yuzvendra Chahal,Punjab Kings,unknown,0,18.0,15.0,0.2603397900712508,0.017355986004750055,0.8810185992892188,-0.620678809217968,0.9070457373690135,-0.6467059472977628
Mayank Yadav,Lucknow Super Giants,unknown,0,11.0,9.166666666666666,-0.0503719863543038,-0.00549512578410587,0.6604114431799271,-0.7107834295342309,0.6062783011929442,-0.6566502875472481
Ravi Bishnoi,Lucknow Super Giants,unknown,0,11.0,9.166666666666666,-0.1369680543923017,-0.014941969570069278,0.6604114431799271,-0.7973794975722288,0.6062783011929442,-0.743246355585246
Mohammed Shami,Sunrisers Hyderabad,unknown,0,10.0,8.333333333333332,-0.1957652036034724,-0.023491824432416694,0.6194416878017039,-0.8152068914051763,0.5633115245963629,-0.7590767281998353
Venkatesh Iyer,Kolkata Knight Riders,unknown,0,23.75,19.791666666666664,0.1573138271551347,0.007948488108891018,0.9755904738450776,-0.8182766466899429,1.1541047027993558,-0.9967908756442212
Rishabh Pant,Lucknow Super Giants,unknown,0,27.0,22.5,0.2677124016702306,0.011898328963121358,0.9944763189027601,-0.7267639172325295,1.2937467267382454,-1.0260343250680148
